Customer_number,Arrival_time,Time_in_Q,Service_time,Total_time_in_system,Day
1,8,11,28,39,Monday
2,8,13,25,38,Monday
3,8,14,26,40,Monday
4,8,9,26,35,Monday
5,8,14,23,37,Monday
6,8,10,26,36,Monday
7,8,9,27,36,Monday
8,8,10,27,37,Monday
9,8.01,11,26,37,Monday
10,8.01,12,24,36,Monday
11,8.01,11,28,39,Monday
12,8.01,14,25,39,Monday
13,8.01,12,28,40,Monday
14,8.01,15,24,39,Monday
15,8.01,15,28,43,Monday
16,8.01,15,25,40,Monday
17,8.01,13,25,38,Monday
18,8.01,15,28,43,Monday
19,8.01,11,24,35,Monday
20,8.02,11,28,39,Monday
21,8.02,9,26,35,Monday
22,8.03,9,24,33,Monday
23,8.03,12,23,35,Monday
24,8.04,11,26,37,Monday
25,8.04,9,29,38,Monday
26,8.04,9,26,35,Monday
27,8.04,10,28,38,Monday
28,8.04,14,28,42,Monday
29,8.04,14,24,38,Monday
30,8.04,10,27,37,Monday
31,8.04,14,25,39,Monday
32,8.05,10,24,34,Monday
33,8.05,12,29,41,Monday
34,8.05,12,25,37,Monday
35,8.06,15,27,42,Monday
36,8.07,12,26,38,Monday
37,8.08,14,29,43,Monday
38,8.08,10,26,36,Monday
39,8.08,10,26,36,Monday
40,8.11,14,25,39,Monday
41,8.11,15,29,44,Monday
42,8.15,14,26,40,Monday
43,8.17,12,23,35,Monday
44,8.21,12,26,38,Monday
45,8.21,9,24,33,Monday
46,8.21,13,27,40,Monday
47,8.21,13,26,39,Monday
48,8.21,14,26,40,Monday
49,8.22,10,27,37,Monday
50,8.22,11,24,35,Monday
51,8.22,11,28,39,Monday
52,8.23,13,27,40,Monday
53,8.24,14,25,39,Monday
54,8.25,13,29,42,Monday
55,8.25,12,23,35,Monday
56,8.31,11,26,37,Monday
57,8.31,14,29,43,Monday
58,8.32,14,27,41,Monday
59,8.32,13,28,41,Monday
60,8.32,15,29,44,Monday
61,8.32,14,24,38,Monday
62,8.32,14,27,41,Monday
63,8.32,10,26,36,Monday
64,8.32,11,26,37,Monday
65,8.33,13,25,38,Monday
66,8.34,11,28,39,Monday
67,8.35,15,27,42,Monday
68,8.35,12,25,37,Monday
69,8.35,15,28,43,Monday
70,8.35,14,27,41,Monday
71,8.35,12,23,35,Monday
72,8.36,11,28,39,Monday
73,8.36,14,25,39,Monday
74,8.37,10,28,38,Monday
75,8.41,14,23,37,Monday
76,8.41,13,26,39,Monday
77,8.41,14,28,42,Monday
78,8.41,14,23,37,Monday
79,8.41,13,27,40,Monday
80,8.41,9,29,38,Monday
81,8.41,14,27,41,Monday
82,8.41,13,24,37,Monday
83,8.41,15,28,43,Monday
84,8.41,11,27,38,Monday
85,8.42,12,23,35,Monday
86,8.42,13,26,39,Monday
87,8.42,12,29,41,Monday
88,8.42,9,26,35,Monday
89,8.42,12,26,38,Monday
90,8.42,12,26,38,Monday
91,8.42,13,26,39,Monday
92,8.42,12,28,40,Monday
93,8.44,9,24,33,Monday
94,8.44,14,27,41,Monday
95,8.45,11,25,36,Monday
96,8.45,11,26,37,Monday
97,8.45,12,27,39,Monday
98,8.45,10,29,39,Monday
99,8.45,12,25,37,Monday
100,8.45,13,24,37,Monday
101,8.45,13,29,42,Monday
102,8.46,12,24,36,Monday
103,8.46,13,23,36,Monday
104,8.47,14,26,40,Monday
105,8.48,13,25,38,Monday
106,8.49,12,27,39,Monday
107,8.49,15,26,41,Monday
108,8.49,10,28,38,Monday
109,8.49,14,23,37,Monday
110,8.51,9,24,33,Monday
111,8.51,12,27,39,Monday
112,8.51,10,29,39,Monday
113,8.52,13,27,40,Monday
114,8.53,11,24,35,Monday
115,8.53,10,25,35,Monday
116,8.54,14,29,43,Monday
117,8.54,11,24,35,Monday
118,8.54,12,25,37,Monday
119,8.54,13,28,41,Monday
120,8.54,12,23,35,Monday
121,8.54,11,29,40,Monday
122,8.54,14,26,40,Monday
123,8.55,9,26,35,Monday
124,8.55,12,26,38,Monday
125,8.56,9,29,38,Monday
126,8.56,13,27,40,Monday
127,8.56,12,27,39,Monday
128,8.56,13,26,39,Monday
129,8.57,14,24,38,Monday
130,8.58,15,28,43,Monday
131,8.59,13,23,36,Monday
132,9.01,14,26,40,Monday
133,9.01,10,26,36,Monday
134,9.01,10,25,35,Monday
135,9.01,14,26,40,Monday
136,9.01,9,25,34,Monday
137,9.01,13,26,39,Monday
138,9.01,10,24,34,Monday
139,9.01,11,26,37,Monday
140,9.01,9,28,37,Monday
141,9.04,10,26,36,Monday
142,9.05,10,24,34,Monday
143,9.06,10,25,35,Monday
144,9.06,12,24,36,Monday
145,9.06,14,28,42,Monday
146,9.06,12,25,37,Monday
147,9.06,11,25,36,Monday
148,9.06,14,28,42,Monday
149,9.06,9,25,34,Monday
150,9.06,12,25,37,Monday
151,9.07,11,24,35,Monday
152,9.09,10,27,37,Monday
153,9.09,11,28,39,Monday
154,9.09,10,28,38,Monday
155,9.09,12,25,37,Monday
156,9.09,9,26,35,Monday
157,9.09,13,24,37,Monday
158,9.09,13,24,37,Monday
159,9.09,14,26,40,Monday
160,9.09,11,25,36,Monday
161,9.09,12,28,40,Monday
162,9.1,15,24,39,Monday
163,9.1,10,27,37,Monday
164,9.11,13,26,39,Monday
165,9.12,9,24,33,Monday
166,9.13,15,26,41,Monday
167,9.14,12,29,41,Monday
168,9.15,14,29,43,Monday
169,9.15,12,26,38,Monday
170,9.18,11,25,36,Monday
171,9.21,12,25,37,Monday
172,9.23,10,26,36,Monday
173,9.25,14,25,39,Monday
174,9.25,13,27,40,Monday
175,9.25,12,24,36,Monday
176,9.25,14,26,40,Monday
177,9.25,10,26,36,Monday
178,9.25,13,28,41,Monday
179,9.25,10,26,36,Monday
180,9.25,15,28,43,Monday
181,9.25,11,25,36,Monday
182,9.27,15,29,44,Monday
183,9.28,12,28,40,Monday
184,9.29,14,28,42,Monday
185,9.3,15,26,41,Monday
186,9.3,14,24,38,Monday
187,9.3,14,25,39,Monday
188,9.3,12,28,40,Monday
189,9.31,13,25,38,Monday
190,9.31,12,28,40,Monday
191,9.32,9,26,35,Monday
192,9.36,12,25,37,Monday
193,9.36,12,28,40,Monday
194,9.36,14,24,38,Monday
195,9.36,10,28,38,Monday
196,9.36,11,27,38,Monday
197,9.36,14,28,42,Monday
198,9.37,14,24,38,Monday
199,9.38,11,27,38,Monday
200,9.4,10,25,35,Monday
201,9.41,11,24,35,Monday
202,9.47,10,25,35,Monday
203,9.51,14,25,39,Monday
204,9.54,13,28,41,Monday
205,10.01,14,25,39,Monday
206,10.01,13,29,42,Monday
207,10.01,13,27,40,Monday
208,10.01,12,28,40,Monday
209,10.02,10,28,38,Monday
210,10.02,15,24,39,Monday
211,10.05,10,28,38,Monday
212,10.05,13,26,39,Monday
213,10.05,15,24,39,Monday
214,10.05,10,24,34,Monday
215,10.06,11,26,37,Monday
216,10.07,14,26,40,Monday
217,10.08,11,24,35,Monday
218,10.09,10,27,37,Monday
219,10.1,12,28,40,Monday
220,10.11,15,23,38,Monday
221,10.11,15,26,41,Monday
222,10.11,11,25,36,Monday
223,10.11,9,28,37,Monday
224,10.11,14,27,41,Monday
225,10.11,11,28,39,Monday
226,10.13,10,28,38,Monday
227,10.15,15,25,40,Monday
228,10.18,12,24,36,Monday
229,10.18,12,25,37,Monday
230,10.18,11,25,36,Monday
231,10.18,11,26,37,Monday
232,10.18,14,28,42,Monday
233,10.18,9,28,37,Monday
234,10.18,13,25,38,Monday
235,10.19,9,28,37,Monday
236,10.19,10,29,39,Monday
237,10.21,11,27,38,Monday
238,10.22,11,27,38,Monday
239,10.23,14,26,40,Monday
240,10.23,9,23,32,Monday
241,10.23,12,24,36,Monday
242,10.23,14,26,40,Monday
243,10.23,10,25,35,Monday
244,10.23,12,28,40,Monday
245,10.23,11,23,34,Monday
246,10.23,14,24,38,Monday
247,10.25,11,28,39,Monday
248,10.25,10,27,37,Monday
249,10.27,12,25,37,Monday
250,10.28,14,28,42,Monday
251,10.29,14,27,41,Monday
252,10.3,13,24,37,Monday
253,10.3,15,28,43,Monday
254,10.3,10,27,37,Monday
255,10.31,11,28,39,Monday
256,10.31,11,25,36,Monday
257,10.31,10,29,39,Monday
258,10.31,11,25,36,Monday
259,10.31,9,27,36,Monday
260,10.31,15,23,38,Monday
261,10.31,14,25,39,Monday
262,10.31,10,27,37,Monday
263,10.31,12,26,38,Monday
264,10.32,14,27,41,Monday
265,10.32,13,24,37,Monday
266,10.32,10,26,36,Monday
267,10033,11,29,40,Monday
268,10.33,9,29,38,Monday
269,10.34,15,28,43,Monday
270,10.34,10,24,34,Monday
271,10.35,15,25,40,Monday
272,10.37,14,28,42,Monday
273,10.37,13,28,41,Monday
274,10.37,11,24,35,Monday
275,10.37,13,27,40,Monday
276,10.37,10,25,35,Monday
277,10.37,12,29,41,Monday
278,10.37,14,26,40,Monday
279,10.37,11,26,37,Monday
280,10.37,10,26,36,Monday
281,10.38,9,25,34,Monday
282,10.38,15,29,44,Monday
283,10.38,14,23,37,Monday
284,10.39,14,29,43,Monday
285,10.39,14,26,40,Monday
286,10.39,14,24,38,Monday
287,10.39,10,28,38,Monday
288,10.39,11,25,36,Monday
289,10.4,13,25,38,Monday
290,10.41,9,26,35,Monday
291,10.41,14,26,40,Monday
292,10.41,11,23,34,Monday
293,10.41,15,27,42,Monday
294,10.41,12,25,37,Monday
295,10.41,13,26,39,Monday
296,10.42,15,24,39,Monday
297,10.42,9,28,37,Monday
298,10.42,15,23,38,Monday
299,10.44,12,25,37,Monday
300,10.47,14,27,41,Monday
301,10.47,10,25,35,Monday
302,10.47,10,23,33,Monday
303,10.47,10,27,37,Monday
304,10.47,14,25,39,Monday
305,10.47,11,28,39,Monday
306,10.47,9,24,33,Monday
307,10.48,11,24,35,Monday
308,10.48,11,28,39,Monday
309,10.49,13,29,42,Monday
310,10.5,14,27,41,Monday
311,10.5,13,25,38,Monday
312,10.51,13,26,39,Monday
313,10.51,14,27,41,Monday
314,10.51,10,27,37,Monday
315,10.51,15,27,42,Monday
316,10.51,12,25,37,Monday
317,10.51,10,28,38,Monday
318,10.52,12,29,41,Monday
319,10.52,15,25,40,Monday
320,10.52,15,29,44,Monday
321,10.52,15,28,43,Monday
322,10.52,14,25,39,Monday
323,10.52,12,25,37,Monday
324,10.52,15,23,38,Monday
325,10.53,12,25,37,Monday
326,10.53,12,27,39,Monday
327,10.53,13,28,41,Monday
328,10.53,10,24,34,Monday
329,10.53,11,27,38,Monday
330,10.53,14,28,42,Monday
331,10.53,14,27,41,Monday
332,10.54,14,26,40,Monday
333,10.54,14,27,41,Monday
334,10.54,12,26,38,Monday
335,10.54,11,24,35,Monday
336,10.54,15,24,39,Monday
337,10.54,15,27,42,Monday
338,10.54,15,24,39,Monday
339,10.54,13,25,38,Monday
340,10.54,10,29,39,Monday
341,10.55,13,24,37,Monday
342,10.55,9,25,34,Monday
343,10.55,11,23,34,Monday
344,10.56,10,24,34,Monday
345,10.56,10,27,37,Monday
346,10.56,14,29,43,Monday
347,10.56,12,23,35,Monday
348,10.56,10,27,37,Monday
349,10.57,14,29,43,Monday
350,10.57,15,25,40,Monday
351,10.57,14,26,40,Monday
352,10.57,13,24,37,Monday
353,10.57,12,26,38,Monday
354,10.57,9,28,37,Monday
355,10.57,13,24,37,Monday
356,10.57,10,24,34,Monday
357,10.57,14,29,43,Monday
358,10.58,11,23,34,Monday
359,10.58,13,28,41,Monday
360,10.58,11,26,37,Monday
361,10.58,10,23,33,Monday
362,10.59,11,25,36,Monday
363,11,9,28,37,Monday
364,11,13,23,36,Monday
365,11,15,23,38,Monday
366,11.01,13,24,37,Monday
367,11.01,13,25,38,Monday
368,11.01,10,26,36,Monday
369,11.01,11,25,36,Monday
370,11.01,13,24,37,Monday
371,11.02,12,24,36,Monday
372,11.03,13,25,38,Monday
373,11.03,10,27,37,Monday
374,11.03,9,29,38,Monday
375,11.03,14,25,39,Monday
376,11.04,11,25,36,Monday
377,11.05,11,26,37,Monday
378,11.05,12,27,39,Monday
379,11.07,11,27,38,Monday
380,11.07,13,24,37,Monday
381,11.07,12,23,35,Monday
382,11.07,10,25,35,Monday
383,11.07,10,28,38,Monday
384,11.07,12,25,37,Monday
385,11.07,11,25,36,Monday
386,11.08,12,25,37,Monday
387,11.08,11,26,37,Monday
388,11.09,9,24,33,Monday
389,11.1,10,26,36,Monday
390,11.11,14,28,42,Monday
391,11.11,11,23,34,Monday
392,11.11,11,28,39,Monday
393,11.12,14,27,41,Monday
394,11.12,11,26,37,Monday
395,11.14,11,27,38,Monday
396,11.14,12,27,39,Monday
397,11.14,12,24,36,Monday
398,11.14,12,26,38,Monday
399,11.14,10,28,38,Monday
400,11.14,13,27,40,Monday
401,11.14,14,25,39,Monday
402,11.14,10,26,36,Monday
403,11.15,10,27,37,Monday
404,11.15,9,27,36,Monday
405,11.15,15,26,41,Monday
406,11.15,14,24,38,Monday
407,11.15,9,28,37,Monday
408,11.15,14,28,42,Monday
409,11.16,13,28,41,Monday
410,11.16,10,28,38,Monday
411,11.17,10,24,34,Monday
412,11.17,13,26,39,Monday
413,11.17,15,24,39,Monday
414,11.17,11,25,36,Monday
415,11.18,11,26,37,Monday
416,11.18,14,24,38,Monday
417,11.18,9,25,34,Monday
418,11.21,12,25,37,Monday
419,11.21,11,29,40,Monday
420,11.21,10,24,34,Monday
421,11.21,10,26,36,Monday
422,11.21,12,23,35,Monday
423,11.21,15,24,39,Monday
424,11.22,15,28,43,Monday
425,11.22,10,24,34,Monday
426,11.22,10,27,37,Monday
427,11.22,11,28,39,Monday
428,11.23,10,25,35,Monday
429,11.23,13,24,37,Monday
430,11.23,13,29,42,Monday
431,11.24,15,24,39,Monday
432,11.24,11,23,34,Monday
433,11.24,10,28,38,Monday
434,11.24,9,25,34,Monday
435,11.24,12,28,40,Monday
436,11.25,11,27,38,Monday
437,11.26,11,26,37,Monday
438,11.27,9,26,35,Monday
439,11.27,12,26,38,Monday
440,11.28,11,28,39,Monday
441,11.28,15,28,43,Monday
442,11.29,13,24,37,Monday
443,11.29,14,23,37,Monday
444,11.3,14,26,40,Monday
445,11.31,15,28,43,Monday
446,11.31,11,25,36,Monday
447,11.31,13,23,36,Monday
448,11.31,15,24,39,Monday
449,11.31,14,26,40,Monday
450,11.32,13,25,38,Monday
451,11.32,14,24,38,Monday
452,11.33,13,27,40,Monday
453,11.33,9,24,33,Monday
454,11.34,10,26,36,Monday
455,11.34,10,24,34,Monday
456,11.35,11,26,37,Monday
457,11.35,10,24,34,Monday
458,11.35,15,27,42,Monday
459,11.35,12,25,37,Monday
460,11.35,14,24,38,Monday
461,11.35,10,28,38,Monday
462,11.35,10,28,38,Monday
463,11.35,15,24,39,Monday
464,11.36,11,24,35,Monday
465,11.37,14,23,37,Monday
466,11.37,11,24,35,Monday
467,11.37,15,25,40,Monday
468,11.39,12,29,41,Monday
469,11.39,11,24,35,Monday
470,11.39,14,27,41,Monday
471,11.39,15,28,43,Monday
472,11.39,11,24,35,Monday
473,11.39,14,29,43,Monday
474,11.39,11,27,38,Monday
475,11.39,14,27,41,Monday
476,11.41,14,28,42,Monday
477,11.42,12,29,41,Monday
478,11.43,10,27,37,Monday
479,11.47,10,26,36,Monday
480,11.47,10,24,34,Monday
481,11.47,11,28,39,Monday
482,11.47,12,24,36,Monday
483,11.47,9,29,38,Monday
484,11.47,10,24,34,Monday
485,11.48,10,24,34,Monday
486,11.48,9,24,33,Monday
487,11.48,9,24,33,Monday
488,11.48,15,24,39,Monday
489,11.5,13,24,37,Monday
490,11.51,15,29,44,Monday
491,11.52,12,26,38,Monday
492,11.53,9,23,32,Monday
493,11.54,12,25,37,Monday
494,11.54,10,28,38,Monday
495,11.55,12,24,36,Monday
496,11.55,11,24,35,Monday
497,11.55,12,24,36,Monday
498,11.56,12,23,35,Monday
499,11.56,11,25,36,Monday
500,11.56,13,24,37,Monday
501,11.56,10,25,35,Monday
502,11.57,14,28,42,Monday
503,11.58,14,27,41,Monday
504,11.58,14,29,43,Monday
505,12,11,27,38,Monday
506,12.01,12,24,36,Monday
507,12.02,11,28,39,Monday
508,12.05,11,26,37,Monday
509,12.05,15,28,43,Monday
510,12.05,12,26,38,Monday
511,12.05,12,27,39,Monday
512,12.05,12,26,38,Monday
513,12.06,12,25,37,Monday
514,12.06,14,27,41,Monday
515,12.06,12,27,39,Monday
516,12.06,13,24,37,Monday
517,12.07,10,24,34,Monday
518,12.09,10,27,37,Monday
519,12.1,11,23,34,Monday
520,12.12,10,29,39,Monday
521,12.12,14,24,38,Monday
522,12.12,10,25,35,Monday
523,12.12,13,27,40,Monday
524,12.13,10,24,34,Monday
525,12.14,11,26,37,Monday
526,12.15,9,24,33,Monday
527,12.16,11,23,34,Monday
528,12.17,13,27,40,Monday
529,12.17,14,27,41,Monday
530,12.17,13,25,38,Monday
531,12.18,10,25,35,Monday
532,12.19,10,24,34,Monday
533,12.2,9,23,32,Monday
534,12.21,9,24,33,Monday
535,12.21,11,26,37,Monday
536,12.23,14,24,38,Monday
537,12.25,13,24,37,Monday
538,12.27,12,27,39,Monday
539,12.28,13,28,41,Monday
540,12.29,10,24,34,Monday
541,12.29,12,26,38,Monday
542,12.29,14,25,39,Monday
543,12.29,14,26,40,Monday
544,12.29,13,24,37,Monday
545,12.29,15,23,38,Monday
546,12.29,13,24,37,Monday
547,12.3,13,26,39,Monday
548,12.3,13,28,41,Monday
549,12.31,10,23,33,Monday
550,12.34,13,29,42,Monday
551,12.36,10,27,37,Monday
552,12.36,11,25,36,Monday
553,12.37,12,25,37,Monday
554,12.38,14,25,39,Monday
555,12.39,12,24,36,Monday
556,12.39,14,26,40,Monday
557,12.39,14,24,38,Monday
558,12.39,9,26,35,Monday
559,12.39,13,23,36,Monday
560,12.39,10,27,37,Monday
561,12.4,11,26,37,Monday
562,12.4,11,25,36,Monday
563,12.41,10,27,37,Monday
564,12.47,12,25,37,Monday
565,12.47,10,24,34,Monday
566,12.48,10,29,39,Monday
567,12.49,13,26,39,Monday
568,12.51,13,27,40,Monday
569,12.56,9,23,32,Monday
570,12.56,15,28,43,Monday
571,12.56,15,25,40,Monday
572,12.56,15,27,42,Monday
573,12.56,13,25,38,Monday
574,12.56,13,28,41,Monday
575,12.57,12,27,39,Monday
576,12.57,11,25,36,Monday
577,12.57,14,29,43,Monday
578,12.57,10,26,36,Monday
579,12.58,12,26,38,Monday
580,12.58,11,28,39,Monday
581,12.59,13,27,40,Monday
582,12.59,13,27,40,Monday
583,12.59,12,25,37,Monday
584,13,15,24,39,Monday
585,13,13,27,40,Monday
586,13.01,10,28,38,Monday
587,13.01,12,24,36,Monday
588,13.04,10,24,34,Monday
589,13.05,14,24,38,Monday
590,13.05,10,24,34,Monday
591,13.05,12,23,35,Monday
592,13.06,15,28,43,Monday
593,13.06,12,24,36,Monday
594,13.06,12,25,37,Monday
595,13.07,13,24,37,Monday
596,13.08,11,27,38,Monday
597,13.09,11,25,36,Monday
598,13.1,10,28,38,Monday
599,13.11,14,29,43,Monday
600,13.11,11,27,38,Monday
601,13.11,14,25,39,Monday
602,13.11,9,29,38,Monday
603,13.11,12,28,40,Monday
604,13.11,11,28,39,Monday
605,13.11,12,26,38,Monday
606,13.12,12,27,39,Monday
607,13.12,14,24,38,Monday
608,13.12,10,28,38,Monday
609,13.13,13,29,42,Monday
610,13.13,11,27,38,Monday
611,13.14,15,27,42,Monday
612,13.15,11,25,36,Monday
613,13.17,10,28,38,Monday
614,13.17,10,29,39,Monday
615,13.18,10,26,36,Monday
616,13.19,11,24,35,Monday
617,13.19,11,26,37,Monday
618,13.19,11,24,35,Monday
619,13.19,10,24,34,Monday
620,13.19,9,24,33,Monday
621,13.19,13,29,42,Monday
622,13.2,14,27,41,Monday
623,13.2,9,25,34,Monday
624,13.2,14,25,39,Monday
625,13.2,9,28,37,Monday
626,13.21,14,25,39,Monday
627,13.22,13,26,39,Monday
628,13.24,12,27,39,Monday
629,13.24,10,23,33,Monday
630,13.24,14,24,38,Monday
631,13.26,10,28,38,Monday
632,13.28,15,28,43,Monday
633,13.28,15,28,43,Monday
634,13.28,12,26,38,Monday
635,13.28,12,23,35,Monday
636,13.29,10,25,35,Monday
637,13.29,11,24,35,Monday
638,13.29,13,28,41,Monday
639,13.29,9,27,36,Monday
640,13.3,11,24,35,Monday
641,13.3,13,24,37,Monday
642,13.3,9,27,36,Monday
643,13.31,14,26,40,Monday
644,13.31,12,23,35,Monday
645,13.32,10,26,36,Monday
646,13.33,11,25,36,Monday
647,13.34,15,27,42,Monday
648,13.36,14,24,38,Monday
649,13.36,11,27,38,Monday
650,13.36,10,24,34,Monday
651,13.36,15,23,38,Monday
652,13.36,12,26,38,Monday
653,13.36,9,28,37,Monday
654,13.36,11,26,37,Monday
655,13.37,9,29,38,Monday
656,13.38,11,28,39,Monday
657,13.38,11,27,38,Monday
658,13.38,10,23,33,Monday
659,13.38,12,28,40,Monday
660,13.38,15,29,44,Monday
661,13.39,12,27,39,Monday
662,13.39,10,28,38,Monday
663,13.4,13,27,40,Monday
664,13.4,14,26,40,Monday
665,13.4,15,27,42,Monday
666,13.41,11,26,37,Monday
667,13.41,11,24,35,Monday
668,13.41,15,24,39,Monday
669,13.41,11,26,37,Monday
670,13.41,14,26,40,Monday
671,13.41,12,24,36,Monday
672,13.42,10,24,34,Monday
673,13.43,10,26,36,Monday
674,13.44,13,27,40,Monday
675,13.44,9,29,38,Monday
676,13.44,13,24,37,Monday
677,13.45,13,24,37,Monday
678,13.45,12,29,41,Monday
679,13.46,9,26,35,Monday
680,13.46,14,27,41,Monday
681,13.46,13,27,40,Monday
682,13.46,12,25,37,Monday
683,13.47,13,26,39,Monday
684,13.47,11,25,36,Monday
685,13.47,11,25,36,Monday
686,13.48,13,29,42,Monday
687,13.48,15,24,39,Monday
688,13.48,13,25,38,Monday
689,13.48,11,23,34,Monday
690,13.48,11,25,36,Monday
691,13.48,9,29,38,Monday
692,13.49,14,25,39,Monday
693,13.49,13,24,37,Monday
694,13.5,14,25,39,Monday
695,13.5,14,26,40,Monday
696,13.51,15,25,40,Monday
697,13.51,13,25,38,Monday
698,13.51,11,29,40,Monday
699,13.51,9,29,38,Monday
700,13.52,13,29,42,Monday
701,13.52,15,27,42,Monday
702,13.52,11,28,39,Monday
703,13.53,12,25,37,Monday
704,13.53,13,25,38,Monday
705,13.53,12,24,36,Monday
706,13.53,14,27,41,Monday
707,13.53,12,25,37,Monday
708,13.54,13,25,38,Monday
709,13.54,11,28,39,Monday
710,13.54,11,25,36,Monday
711,13.54,10,24,34,Monday
712,13.55,14,27,41,Monday
713,13.55,12,24,36,Monday
714,13.55,14,26,40,Monday
715,13.55,10,26,36,Monday
716,13.56,13,27,40,Monday
717,13.56,10,28,38,Monday
718,13.57,10,26,36,Monday
719,13.57,12,27,39,Monday
720,13.57,13,25,38,Monday
721,13.57,11,24,35,Monday
722,13.57,10,27,37,Monday
723,13.58,12,27,39,Monday
724,13.58,11,25,36,Monday
725,13.59,12,27,39,Monday
726,13.59,13,24,37,Monday
727,13.59,12,26,38,Monday
728,13.59,13,27,40,Monday
729,13.59,13,29,42,Monday
730,14,13,27,40,Monday
731,14,9,28,37,Monday
732,14.01,13,26,39,Monday
733,14.02,11,28,39,Monday
734,14.02,13,25,38,Monday
735,14.02,11,25,36,Monday
736,14.05,11,24,35,Monday
737,14.05,10,29,39,Monday
738,14.05,15,26,41,Monday
739,14.06,14,26,40,Monday
740,14.06,10,28,38,Monday
741,14.06,12,25,37,Monday
742,14.06,11,26,37,Monday
743,14.06,12,25,37,Monday
744,14.07,10,27,37,Monday
745,14.07,12,28,40,Monday
746,14.07,14,23,37,Monday
747,14.07,13,27,40,Monday
748,14.07,10,25,35,Monday
749,14.08,14,27,41,Monday
750,14.08,11,29,40,Monday
751,14.09,14,29,43,Monday
752,14.09,13,24,37,Monday
753,14.09,10,25,35,Monday
754,14.09,11,25,36,Monday
755,14.1,9,24,33,Monday
756,14.1,11,27,38,Monday
757,14.1,13,29,42,Monday
758,14.11,13,28,41,Monday
759,14.11,10,23,33,Monday
760,14.11,13,23,36,Monday
761,14.12,15,25,40,Monday
762,14.14,9,27,36,Monday
763,14.15,11,26,37,Monday
764,14.15,14,28,42,Monday
765,14.15,15,25,40,Monday
766,14.15,12,29,41,Monday
767,14.15,11,27,38,Monday
768,14.15,11,25,36,Monday
769,14.15,10,23,33,Monday
770,14.16,14,26,40,Monday
771,14.16,11,29,40,Monday
772,14.16,10,23,33,Monday
773,14.16,14,26,40,Monday
774,14.16,11,24,35,Monday
775,14.16,14,24,38,Monday
776,14.16,9,27,36,Monday
777,14.17,15,25,40,Monday
778,14.17,11,28,39,Monday
779,14.17,9,29,38,Monday
780,14.17,10,28,38,Monday
781,14.18,11,26,37,Monday
782,14.18,14,25,39,Monday
783,14.19,9,28,37,Monday
784,14.19,10,26,36,Monday
785,14.19,10,28,38,Monday
786,14.19,14,26,40,Monday
787,14.21,14,24,38,Monday
788,14.21,10,24,34,Monday
789,14.21,14,27,41,Monday
790,14.21,14,24,38,Monday
791,14.22,14,25,39,Monday
792,14.22,12,28,40,Monday
793,14.22,15,25,40,Monday
794,14.22,12,27,39,Monday
795,14.23,13,25,38,Monday
796,14.23,14,26,40,Monday
797,14.25,14,24,38,Monday
798,14.26,15,29,44,Monday
799,14.26,13,25,38,Monday
800,14.26,15,27,42,Monday
801,14.26,10,24,34,Monday
802,14.26,13,24,37,Monday
803,14.26,11,27,38,Monday
804,14.27,12,25,37,Monday
805,14.27,10,29,39,Monday
806,14.27,13,25,38,Monday
807,14.27,9,27,36,Monday
808,14.27,10,23,33,Monday
809,14.28,12,24,36,Monday
810,14.28,13,26,39,Monday
811,14.28,11,29,40,Monday
812,14.29,11,28,39,Monday
813,14.29,13,27,40,Monday
814,14.3,11,25,36,Monday
815,14.31,11,27,38,Monday
816,14.32,14,24,38,Monday
817,14.33,10,26,36,Monday
818,14.34,9,26,35,Monday
819,14.35,13,27,40,Monday
820,14.36,13,25,38,Monday
821,14.37,11,24,35,Monday
822,14.37,12,26,38,Monday
823,14.37,13,26,39,Monday
824,14.39,10,28,38,Monday
825,14.39,12,28,40,Monday
826,14.39,14,26,40,Monday
827,14.41,13,28,41,Monday
828,14.41,11,25,36,Monday
829,14.41,11,27,38,Monday
830,14.41,14,26,40,Monday
831,14.41,9,24,33,Monday
832,14.42,12,25,37,Monday
833,14.42,11,26,37,Monday
834,14.43,11,24,35,Monday
835,14.44,10,28,38,Monday
836,14.45,15,26,41,Monday
837,14.46,12,28,40,Monday
838,14.47,10,27,37,Monday
839,14.48,9,27,36,Monday
840,14.48,12,28,40,Monday
841,14.49,10,24,34,Monday
842,14.5,14,27,41,Monday
843,14.5,12,26,38,Monday
844,14.5,14,27,41,Monday
845,14.51,14,27,41,Monday
846,14.51,14,24,38,Monday
847,14.51,12,24,36,Monday
848,14.51,15,28,43,Monday
849,14.51,11,25,36,Monday
850,14.51,10,26,36,Monday
851,14.52,10,25,35,Monday
852,14.52,9,23,32,Monday
853,14.52,12,24,36,Monday
854,14.52,9,27,36,Monday
855,14.52,14,28,42,Monday
856,14.52,14,24,38,Monday
857,14.53,10,28,38,Monday
858,14.53,9,25,34,Monday
859,14.53,15,27,42,Monday
860,14.53,10,24,34,Monday
861,14.53,14,29,43,Monday
862,14.54,11,29,40,Monday
863,14.54,11,24,35,Monday
864,14.54,10,26,36,Monday
865,14.55,10,23,33,Monday
866,14.55,9,29,38,Monday
867,14.56,12,26,38,Monday
868,14.56,10,26,36,Monday
869,14.56,14,27,41,Monday
870,14.57,10,23,33,Monday
871,14.57,15,25,40,Monday
872,14.57,15,27,42,Monday
873,14.57,9,26,35,Monday
874,14.57,11,28,39,Monday
875,14.58,12,26,38,Monday
876,14.58,11,23,34,Monday
877,14.59,15,27,42,Monday
878,14.59,14,27,41,Monday
879,14.59,13,29,42,Monday
880,14.59,11,28,39,Monday
1,8,3,14,17,Tuesday
2,8,6,21,26,Tuesday
3,8,4,17,21,Tuesday
4,8,5,20,25,Tuesday
5,8,3,15,18,Tuesday
6,8.01,7,24,31,Tuesday
7,8.01,6,21,27,Tuesday
8,8.01,6,22,28,Tuesday
9,8.01,3,14,17,Tuesday
10,8.01,3,15,19,Tuesday
11,8.01,7,24,31,Tuesday
12,8.02,7,23,30,Tuesday
13,8.02,6,22,28,Tuesday
14,8.02,6,21,27,Tuesday
15,8.02,5,19,23,Tuesday
16,8.02,4,18,22,Tuesday
17,8.02,6,21,27,Tuesday
18,8.02,4,16,20,Tuesday
19,8.03,6,21,27,Tuesday
20,8.03,4,16,20,Tuesday
21,8.03,3,14,17,Tuesday
22,8.03,4,16,19,Tuesday
23,8.03,4,16,20,Tuesday
24,8.03,6,23,29,Tuesday
25,8.03,5,19,24,Tuesday
26,8.03,7,23,30,Tuesday
27,8.04,5,18,23,Tuesday
28,8.04,6,21,27,Tuesday
29,8.04,6,20,26,Tuesday
30,8.04,4,16,20,Tuesday
31,8.04,5,18,22,Tuesday
32,8.04,4,17,22,Tuesday
33,8.04,3,14,17,Tuesday
34,8.04,5,19,23,Tuesday
35,8.04,7,23,30,Tuesday
36,8.05,6,21,27,Tuesday
37,8.05,6,21,26,Tuesday
38,8.05,3,14,17,Tuesday
39,8.05,7,23,30,Tuesday
40,8.05,7,24,31,Tuesday
41,8.05,6,21,27,Tuesday
42,8.05,5,19,24,Tuesday
43,8.06,4,17,21,Tuesday
44,8.06,5,18,23,Tuesday
45,8.06,7,24,31,Tuesday
46,8.06,6,22,28,Tuesday
47,8.06,5,20,25,Tuesday
48,8.06,5,18,22,Tuesday
49,8.06,7,23,29,Tuesday
50,8.07,7,23,30,Tuesday
51,8.07,7,23,30,Tuesday
52,8.07,4,18,22,Tuesday
53,8.07,5,20,26,Tuesday
54,8.07,3,14,17,Tuesday
55,8.08,5,19,24,Tuesday
56,8.09,3,15,18,Tuesday
57,8.09,4,16,20,Tuesday
58,8.1,7,23,30,Tuesday
59,8.1,4,16,20,Tuesday
60,8.1,3,15,18,Tuesday
61,8.1,5,20,26,Tuesday
62,8.12,5,19,24,Tuesday
63,8.12,3,14,17,Tuesday
64,8.12,3,15,18,Tuesday
65,8.13,3,14,17,Tuesday
66,8.14,5,18,22,Tuesday
67,8.15,6,22,28,Tuesday
68,8.15,6,21,27,Tuesday
69,8.16,6,22,28,Tuesday
70,8.16,6,21,27,Tuesday
71,8.16,5,20,25,Tuesday
72,8.16,5,20,25,Tuesday
73,8.16,4,16,20,Tuesday
74,8.16,4,16,20,Tuesday
75,8.19,5,19,24,Tuesday
76,8.18,6,20,26,Tuesday
77,8.19,6,21,26,Tuesday
78,8.19,4,16,20,Tuesday
79,8.19,5,19,23,Tuesday
80,8.19,6,22,28,Tuesday
81,8.19,6,21,27,Tuesday
82,8.2,6,21,27,Tuesday
83,8.2,7,24,30,Tuesday
84,8.2,6,20,26,Tuesday
85,8.23,5,20,25,Tuesday
86,8.23,3,15,18,Tuesday
87,8.23,4,16,20,Tuesday
88,8.24,7,24,30,Tuesday
89,8.24,6,21,27,Tuesday
90,8.25,4,16,20,Tuesday
91,8.25,5,19,24,Tuesday
92,8.26,5,19,24,Tuesday
93,8.26,6,22,29,Tuesday
94,8.27,7,24,31,Tuesday
95,8.27,5,19,24,Tuesday
96,8.27,4,17,21,Tuesday
97,8.28,4,16,20,Tuesday
98,8.28,3,15,18,Tuesday
99,8.28,4,16,20,Tuesday
100,8.31,6,21,27,Tuesday
101,8.31,3,14,17,Tuesday
102,8.31,5,19,23,Tuesday
103,8.31,6,22,28,Tuesday
104,8.33,4,18,22,Tuesday
105,8.35,6,20,26,Tuesday
106,8.37,4,15,19,Tuesday
107,8.37,4,16,20,Tuesday
108,8.37,4,16,19,Tuesday
109,8.37,5,19,24,Tuesday
110,8.37,4,15,19,Tuesday
111,8.37,6,20,26,Tuesday
112,8.38,4,17,21,Tuesday
113,8.38,5,20,26,Tuesday
114,8.39,7,24,31,Tuesday
115,8.4,6,22,29,Tuesday
116,8.4,3,14,18,Tuesday
117,8.41,6,22,29,Tuesday
118,8.41,6,22,28,Tuesday
119,8.41,5,18,22,Tuesday
120,8.41,4,17,21,Tuesday
121,8.41,6,22,28,Tuesday
122,8.41,3,14,18,Tuesday
123,8.41,3,14,17,Tuesday
124,8.42,7,23,29,Tuesday
125,8.42,6,22,28,Tuesday
126,8.42,5,18,23,Tuesday
127,8.44,6,21,27,Tuesday
128,8.44,4,16,20,Tuesday
129,8.45,3,14,18,Tuesday
130,8.45,6,21,26,Tuesday
131,8.46,6,23,29,Tuesday
132,8.47,6,21,27,Tuesday
133,8.48,6,21,26,Tuesday
134,8.48,5,20,26,Tuesday
135,8.48,6,21,26,Tuesday
136,8.48,4,17,21,Tuesday
137,8.48,4,17,21,Tuesday
138,8.49,6,21,27,Tuesday
139,8.49,4,17,22,Tuesday
140,8.49,4,17,21,Tuesday
141,8.5,6,22,28,Tuesday
142,8.51,7,23,30,Tuesday
143,8.51,5,20,25,Tuesday
144,8.51,6,22,28,Tuesday
145,8.51,7,23,30,Tuesday
146,8.51,6,22,28,Tuesday
147,8.51,3,14,17,Tuesday
148,8.52,5,19,24,Tuesday
149,8.52,3,14,18,Tuesday
150,8.52,5,19,24,Tuesday
151,8.52,3,15,19,Tuesday
152,8.52,4,17,21,Tuesday
153,8.53,4,17,21,Tuesday
154,8.53,3,14,17,Tuesday
155,8.53,3,14,17,Tuesday
156,8.53,7,23,30,Tuesday
157,8.53,5,20,25,Tuesday
158,8.54,5,20,26,Tuesday
159,8.54,5,20,25,Tuesday
160,8.55,5,19,24,Tuesday
161,8.55,7,23,30,Tuesday
162,8.55,7,23,30,Tuesday
163,8.56,7,24,30,Tuesday
164,8.56,5,19,24,Tuesday
165,8.56,6,21,26,Tuesday
166,8.56,6,20,26,Tuesday
167,8.57,4,16,20,Tuesday
168,8.57,5,20,25,Tuesday
169,8.57,5,19,24,Tuesday
170,8.58,6,22,29,Tuesday
171,8.58,4,17,21,Tuesday
172,8.58,3,15,18,Tuesday
173,8.58,5,19,24,Tuesday
174,8.58,7,23,29,Tuesday
175,8.59,5,20,25,Tuesday
176,8.59,5,18,23,Tuesday
177,9,4,17,21,Tuesday
178,9,5,18,23,Tuesday
179,9,4,18,22,Tuesday
180,9,6,21,26,Tuesday
181,9.01,5,18,23,Tuesday
182,9.01,6,20,26,Tuesday
183,9.03,4,18,22,Tuesday
184,9.04,4,16,20,Tuesday
185,9.05,3,15,18,Tuesday
186,9.06,5,18,23,Tuesday
187,9.07,3,15,18,Tuesday
188,9.08,4,16,19,Tuesday
189,9.08,3,15,18,Tuesday
190,9.08,4,17,22,Tuesday
191,9.11,7,23,30,Tuesday
192,9.12,7,23,30,Tuesday
193,9.12,5,20,25,Tuesday
194,9.12,7,24,31,Tuesday
195,9.12,3,15,18,Tuesday
196,9.13,5,20,25,Tuesday
197,9.13,6,20,26,Tuesday
198,9.18,7,24,31,Tuesday
199,9.14,4,17,21,Tuesday
200,9.14,6,22,29,Tuesday
201,9.15,7,23,30,Tuesday
202,9.16,3,15,18,Tuesday
203,9.17,6,23,29,Tuesday
204,9.19,5,18,23,Tuesday
205,9.19,4,17,21,Tuesday
206,9.19,4,17,21,Tuesday
207,9.19,7,23,29,Tuesday
208,9.21,6,22,29,Tuesday
209,9.21,5,18,22,Tuesday
210,9.21,3,14,17,Tuesday
211,9.21,4,16,19,Tuesday
212,9.21,7,24,31,Tuesday
213,9.21,7,24,31,Tuesday
214,9.22,6,21,27,Tuesday
215,9.23,7,23,30,Tuesday
216,9.24,7,23,30,Tuesday
217,9.25,5,19,24,Tuesday
218,9.26,7,23,30,Tuesday
219,9.27,4,15,19,Tuesday
220,9.28,6,22,28,Tuesday
221,9.29,6,21,27,Tuesday
222,9.3,5,19,24,Tuesday
223,9.31,5,19,23,Tuesday
224,9.32,6,20,26,Tuesday
225,9.33,6,23,29,Tuesday
226,9.34,6,21,26,Tuesday
227,9.35,4,16,19,Tuesday
228,9.36,4,18,22,Tuesday
229,9.37,6,22,29,Tuesday
230,9.38,3,15,18,Tuesday
231,9.39,6,21,27,Tuesday
232,9.4,7,23,30,Tuesday
233,9.41,4,17,22,Tuesday
234,9.42,5,18,23,Tuesday
235,9.43,4,17,21,Tuesday
236,9.44,3,14,17,Tuesday
237,9.45,5,19,24,Tuesday
238,9.46,5,20,25,Tuesday
239,9.47,6,21,27,Tuesday
240,9.48,6,21,27,Tuesday
241,9.49,4,16,20,Tuesday
242,9.5,3,15,18,Tuesday
243,9.51,3,15,18,Tuesday
244,9.52,6,21,26,Tuesday
245,9.53,4,16,20,Tuesday
246,9.54,4,16,19,Tuesday
247,9.55,6,20,26,Tuesday
248,9.56,4,17,22,Tuesday
249,9.57,6,22,28,Tuesday
250,9.57,7,23,30,Tuesday
251,9.57,6,21,27,Tuesday
252,9.57,6,22,29,Tuesday
253,9.57,6,21,26,Tuesday
254,9.58,7,23,30,Tuesday
255,9.58,6,22,28,Tuesday
256,9.59,3,15,18,Tuesday
257,9.59,6,21,27,Tuesday
258,10.1,4,16,20,Tuesday
259,10.11,6,20,26,Tuesday
260,10.11,7,23,29,Tuesday
261,10.11,4,15,19,Tuesday
262,10.11,5,19,23,Tuesday
263,10.11,4,17,21,Tuesday
264,10.11,7,23,29,Tuesday
265,10.13,5,20,25,Tuesday
266,10.15,5,18,23,Tuesday
267,10.18,3,15,18,Tuesday
268,10.18,4,16,20,Tuesday
269,10.18,3,15,18,Tuesday
270,10.18,3,15,18,Tuesday
271,10.18,3,15,18,Tuesday
272,10.18,3,15,19,Tuesday
273,10.18,6,22,28,Tuesday
274,10.19,5,20,25,Tuesday
275,10.19,4,16,20,Tuesday
276,10.21,6,21,27,Tuesday
277,10.22,5,19,23,Tuesday
278,10.23,5,20,25,Tuesday
279,10.23,3,15,18,Tuesday
280,10.23,6,21,27,Tuesday
281,10.23,5,19,24,Tuesday
282,10.23,3,15,19,Tuesday
283,10.23,5,19,24,Tuesday
284,10.23,4,16,19,Tuesday
285,10.23,6,20,26,Tuesday
286,10.25,5,20,25,Tuesday
287,10.25,4,18,22,Tuesday
288,10.27,7,24,31,Tuesday
289,10.28,4,17,21,Tuesday
290,10.29,5,19,24,Tuesday
291,10.3,4,16,20,Tuesday
292,10.3,3,15,18,Tuesday
293,10.3,4,16,19,Tuesday
294,10.31,6,21,27,Tuesday
295,10.31,5,19,24,Tuesday
296,10.31,4,16,19,Tuesday
297,10.31,6,22,28,Tuesday
298,10.31,3,15,19,Tuesday
299,10.31,4,17,22,Tuesday
300,10.31,4,17,21,Tuesday
301,10.31,5,19,24,Tuesday
302,10.31,4,17,21,Tuesday
303,10.32,7,23,30,Tuesday
304,10.32,5,18,23,Tuesday
305,10.32,5,18,22,Tuesday
306,10.33,4,16,19,Tuesday
307,10.33,3,15,18,Tuesday
308,10.34,7,23,30,Tuesday
309,10.34,5,19,24,Tuesday
310,10.35,5,18,23,Tuesday
311,10.37,7,23,30,Tuesday
312,10.37,5,19,24,Tuesday
313,10.37,4,15,19,Tuesday
314,10.37,7,23,30,Tuesday
315,10.37,6,21,27,Tuesday
316,10.37,5,18,22,Tuesday
317,10.37,3,15,19,Tuesday
318,10.37,4,17,22,Tuesday
319,10.37,6,21,27,Tuesday
320,10.38,4,17,21,Tuesday
321,10.38,7,23,29,Tuesday
322,10.38,7,23,29,Tuesday
323,10.39,4,16,20,Tuesday
324,10.39,5,20,26,Tuesday
325,10.39,3,15,18,Tuesday
326,10.39,4,17,22,Tuesday
327,10.39,7,23,30,Tuesday
328,10.4,5,18,23,Tuesday
329,10.41,3,15,18,Tuesday
330,10.41,4,16,19,Tuesday
331,10.41,5,19,23,Tuesday
332,10.41,4,16,20,Tuesday
333,10.41,4,16,20,Tuesday
334,10.41,5,20,25,Tuesday
335,10.42,4,16,20,Tuesday
336,10.42,4,17,21,Tuesday
337,10.42,4,17,21,Tuesday
338,10.44,7,23,30,Tuesday
339,10.47,5,19,23,Tuesday
340,10.47,6,22,28,Tuesday
341,10.47,7,24,31,Tuesday
342,10.47,5,18,23,Tuesday
343,10.47,5,19,24,Tuesday
344,10.47,6,21,26,Tuesday
345,10.47,5,20,25,Tuesday
346,10.48,4,16,19,Tuesday
347,10.48,3,15,18,Tuesday
348,10.49,6,23,29,Tuesday
349,10.5,4,16,20,Tuesday
350,10.5,4,16,20,Tuesday
351,10.51,3,15,18,Tuesday
352,10.51,4,17,21,Tuesday
353,10.51,7,24,31,Tuesday
354,10.51,4,16,20,Tuesday
355,10.51,3,15,18,Tuesday
356,10.51,7,23,30,Tuesday
357,10.52,6,22,29,Tuesday
358,10.52,3,14,17,Tuesday
359,10.52,3,14,17,Tuesday
360,10.52,6,21,26,Tuesday
361,10.52,6,22,29,Tuesday
362,10.52,6,21,26,Tuesday
363,10.52,4,16,20,Tuesday
364,10.53,6,21,27,Tuesday
365,10.53,3,14,17,Tuesday
366,10.53,5,19,24,Tuesday
367,10.53,6,21,26,Tuesday
368,10.53,5,19,24,Tuesday
369,10.53,4,15,19,Tuesday
370,10.53,5,20,25,Tuesday
371,10.54,6,22,28,Tuesday
372,10.54,6,22,28,Tuesday
373,10.54,3,15,18,Tuesday
374,10.54,4,15,19,Tuesday
375,10.54,4,17,22,Tuesday
376,10.54,4,16,20,Tuesday
377,10.54,6,22,28,Tuesday
378,10.54,4,17,21,Tuesday
379,10.54,5,20,25,Tuesday
380,10.55,6,22,28,Tuesday
381,10.55,5,20,25,Tuesday
382,10.55,4,16,20,Tuesday
383,10.56,6,21,27,Tuesday
384,10.56,5,19,25,Tuesday
385,10.56,4,15,19,Tuesday
386,10.56,7,23,29,Tuesday
387,10.56,7,23,29,Tuesday
388,10.57,4,17,21,Tuesday
389,10.57,7,23,30,Tuesday
390,10.57,4,17,22,Tuesday
391,10.57,3,15,18,Tuesday
392,10.57,3,15,18,Tuesday
393,10.57,6,21,26,Tuesday
394,10.57,4,17,22,Tuesday
395,10.57,7,24,30,Tuesday
396,10.57,5,18,23,Tuesday
397,10.58,5,19,25,Tuesday
398,10.58,5,19,25,Tuesday
399,10.58,7,24,31,Tuesday
400,10.58,4,18,22,Tuesday
401,10.59,5,19,25,Tuesday
402,11,4,16,20,Tuesday
403,11,6,20,26,Tuesday
404,11,7,24,31,Tuesday
405,11.01,6,20,26,Tuesday
406,11.01,4,16,20,Tuesday
407,11.01,6,20,26,Tuesday
408,11.01,5,20,25,Tuesday
409,11.01,6,22,29,Tuesday
410,11.02,4,16,20,Tuesday
411,11.03,5,20,25,Tuesday
412,11.03,3,15,18,Tuesday
413,11.03,6,21,27,Tuesday
414,11.03,5,18,23,Tuesday
415,11.04,6,22,28,Tuesday
416,11.05,6,22,29,Tuesday
417,11.05,4,16,20,Tuesday
418,11.07,7,23,29,Tuesday
419,11.07,3,15,18,Tuesday
420,11.07,6,21,27,Tuesday
421,11.07,5,20,25,Tuesday
422,11.07,7,24,31,Tuesday
423,11.07,4,18,22,Tuesday
424,11.07,4,16,20,Tuesday
425,11.08,4,16,19,Tuesday
426,11.08,4,18,22,Tuesday
427,11.09,4,16,20,Tuesday
428,11.1,6,21,26,Tuesday
429,11.11,3,14,17,Tuesday
430,11.11,4,17,21,Tuesday
431,11.11,6,22,28,Tuesday
432,11.12,4,17,21,Tuesday
433,11.12,4,18,22,Tuesday
434,11.14,6,20,26,Tuesday
435,11.14,4,16,20,Tuesday
436,11.14,4,17,21,Tuesday
437,11.14,4,16,20,Tuesday
438,11.14,4,17,21,Tuesday
439,11.14,5,20,26,Tuesday
440,11.14,5,18,23,Tuesday
441,11.14,7,24,31,Tuesday
442,11.15,5,19,24,Tuesday
443,11.15,3,14,17,Tuesday
444,11.15,5,19,23,Tuesday
445,11.15,6,20,26,Tuesday
446,11.15,6,22,28,Tuesday
447,11.15,4,17,21,Tuesday
448,11.16,4,17,21,Tuesday
449,11.16,3,14,17,Tuesday
450,11.17,6,21,26,Tuesday
451,11.17,5,18,23,Tuesday
452,11.17,7,24,31,Tuesday
453,11.17,5,20,25,Tuesday
454,11.18,6,21,26,Tuesday
455,11.21,3,14,17,Tuesday
456,11.21,7,23,29,Tuesday
457,11.22,4,16,20,Tuesday
458,11.24,5,19,24,Tuesday
459,11.26,3,14,18,Tuesday
460,11.27,5,19,25,Tuesday
461,11.29,4,17,21,Tuesday
462,11.29,4,17,21,Tuesday
463,11.3,5,19,24,Tuesday
464,11.33,3,15,18,Tuesday
465,11.34,6,20,26,Tuesday
466,11.35,3,14,17,Tuesday
467,11.35,3,15,18,Tuesday
468,11.36,4,17,22,Tuesday
469,11.36,7,24,31,Tuesday
470,11.37,4,16,19,Tuesday
471,11.38,5,18,23,Tuesday
472,11.39,5,20,25,Tuesday
473,11.39,6,20,26,Tuesday
474,11.39,7,24,31,Tuesday
475,11.39,3,15,18,Tuesday
476,11.41,5,19,24,Tuesday
477,11.42,3,15,18,Tuesday
478,11.43,5,19,24,Tuesday
479,11.47,4,17,21,Tuesday
480,11.47,4,17,21,Tuesday
481,11.47,6,21,27,Tuesday
482,11.47,4,17,21,Tuesday
483,11.47,4,15,19,Tuesday
484,11.47,6,21,26,Tuesday
485,11.48,5,19,23,Tuesday
486,11.48,3,15,18,Tuesday
487,11.48,3,15,18,Tuesday
488,11.48,4,15,19,Tuesday
489,11.5,6,22,28,Tuesday
490,11.51,7,23,30,Tuesday
491,11.52,7,23,30,Tuesday
492,11.53,7,24,31,Tuesday
493,11.54,7,23,30,Tuesday
494,11.54,4,16,20,Tuesday
495,11.55,5,20,25,Tuesday
496,11.55,6,21,27,Tuesday
497,11.55,5,19,24,Tuesday
498,11.56,4,16,19,Tuesday
499,11.56,3,14,18,Tuesday
500,11.56,6,21,27,Tuesday
501,11.56,6,21,27,Tuesday
502,11.57,5,19,25,Tuesday
503,11.58,7,24,31,Tuesday
504,11.58,5,18,23,Tuesday
505,12,5,18,22,Tuesday
506,12.01,4,17,21,Tuesday
507,12.02,5,18,23,Tuesday
508,12.05,5,18,23,Tuesday
509,12.05,5,18,23,Tuesday
510,12.05,6,21,26,Tuesday
511,12.05,5,19,24,Tuesday
512,12.05,5,19,25,Tuesday
513,12.06,5,19,24,Tuesday
514,12.06,4,16,20,Tuesday
515,12.06,7,23,29,Tuesday
516,12.06,4,16,19,Tuesday
517,12.07,5,18,23,Tuesday
518,12.09,3,15,18,Tuesday
519,12.1,5,20,25,Tuesday
520,12.12,4,18,22,Tuesday
521,12.12,3,15,18,Tuesday
522,12.12,5,20,25,Tuesday
523,12.12,6,21,27,Tuesday
524,12.13,5,20,26,Tuesday
525,12.14,4,15,19,Tuesday
526,12.15,5,20,25,Tuesday
527,12.16,4,18,22,Tuesday
528,12.17,5,19,24,Tuesday
529,12.17,4,17,21,Tuesday
530,12.17,4,18,22,Tuesday
531,12.18,5,19,24,Tuesday
532,12.19,5,20,25,Tuesday
533,12.2,3,14,17,Tuesday
534,12.21,4,16,20,Tuesday
535,12.21,4,16,20,Tuesday
536,12.23,5,18,23,Tuesday
537,12.25,7,23,30,Tuesday
538,12.27,5,19,24,Tuesday
539,12.28,4,16,19,Tuesday
540,12.29,4,17,22,Tuesday
541,12.29,6,21,26,Tuesday
542,12.29,5,19,23,Tuesday
543,12.29,6,22,28,Tuesday
544,12.29,7,24,30,Tuesday
545,12.29,6,22,28,Tuesday
546,12.29,5,20,25,Tuesday
547,12.3,6,21,27,Tuesday
548,12.3,5,20,25,Tuesday
549,12.31,4,16,20,Tuesday
550,12.34,4,17,22,Tuesday
551,12.36,4,17,21,Tuesday
552,12.36,4,16,20,Tuesday
553,12.37,4,18,22,Tuesday
554,12.38,6,21,26,Tuesday
555,12.39,6,21,26,Tuesday
556,12.39,7,24,30,Tuesday
557,12.39,6,22,28,Tuesday
558,12.39,4,16,20,Tuesday
559,12.39,3,14,17,Tuesday
560,12.39,3,14,17,Tuesday
561,12.4,5,18,23,Tuesday
562,12.4,5,19,23,Tuesday
563,12.41,4,16,20,Tuesday
564,12.47,7,24,31,Tuesday
565,12.47,7,23,30,Tuesday
566,12.48,7,24,31,Tuesday
567,12.49,3,15,18,Tuesday
568,12.51,4,17,21,Tuesday
569,12.54,4,16,20,Tuesday
570,12.54,4,16,19,Tuesday
571,12.54,6,21,26,Tuesday
572,12.55,3,15,18,Tuesday
573,12.56,5,19,24,Tuesday
574,12.56,3,14,18,Tuesday
575,12.57,6,22,28,Tuesday
576,12.57,6,22,28,Tuesday
577,12.58,3,15,18,Tuesday
578,12.58,7,23,30,Tuesday
579,12.58,7,24,31,Tuesday
580,12.58,7,23,29,Tuesday
581,12.58,5,18,22,Tuesday
582,12.59,6,22,28,Tuesday
583,12.59,3,15,18,Tuesday
584,13,5,20,26,Tuesday
585,13,3,15,18,Tuesday
586,13.01,4,15,19,Tuesday
587,13.01,5,18,23,Tuesday
588,13.04,4,16,20,Tuesday
589,13.05,5,18,22,Tuesday
590,13.05,6,22,28,Tuesday
591,13.05,6,21,27,Tuesday
592,13.06,4,16,20,Tuesday
593,13.06,5,19,24,Tuesday
594,13.06,6,22,29,Tuesday
595,13.07,4,17,21,Tuesday
596,13.08,6,22,28,Tuesday
597,13.09,4,17,21,Tuesday
598,13.1,6,21,27,Tuesday
599,13.11,3,15,19,Tuesday
600,13.11,4,16,20,Tuesday
601,13.11,4,16,20,Tuesday
602,13.11,5,18,23,Tuesday
603,13.11,7,23,29,Tuesday
604,13.11,4,17,22,Tuesday
605,13.11,4,17,22,Tuesday
606,13.12,6,21,26,Tuesday
607,13.12,3,15,19,Tuesday
608,13.12,5,19,25,Tuesday
609,13.13,4,16,20,Tuesday
610,13.13,5,19,24,Tuesday
611,13.14,6,20,26,Tuesday
612,13.15,6,22,28,Tuesday
613,13.17,3,14,17,Tuesday
614,13.17,4,16,19,Tuesday
615,13.18,5,19,24,Tuesday
616,13.19,6,22,28,Tuesday
617,13.19,7,23,29,Tuesday
618,13.19,4,17,22,Tuesday
619,13.19,3,15,18,Tuesday
620,13.19,5,19,24,Tuesday
621,13.19,3,15,18,Tuesday
622,13.2,7,24,31,Tuesday
623,13.2,5,18,23,Tuesday
624,13.2,4,16,19,Tuesday
625,13.2,5,19,23,Tuesday
626,13.21,4,18,22,Tuesday
627,13.22,4,16,20,Tuesday
628,13.23,5,19,24,Tuesday
629,13.23,5,20,25,Tuesday
630,13.24,4,16,20,Tuesday
631,13.26,3,15,18,Tuesday
632,13.28,5,18,23,Tuesday
633,13.28,4,16,20,Tuesday
634,13.28,7,24,31,Tuesday
635,13.28,3,15,18,Tuesday
636,13.29,5,19,24,Tuesday
637,13.29,3,15,18,Tuesday
638,13.29,5,20,25,Tuesday
639,13.29,4,16,20,Tuesday
640,13.3,3,14,17,Tuesday
641,13.3,6,23,29,Tuesday
642,13.3,6,22,28,Tuesday
643,13.31,6,23,29,Tuesday
644,13.31,6,21,27,Tuesday
645,13.32,7,23,30,Tuesday
646,13.33,5,19,24,Tuesday
647,13.34,4,17,21,Tuesday
648,13.35,4,16,19,Tuesday
649,13.35,5,19,25,Tuesday
650,13.36,4,16,19,Tuesday
651,13.36,4,15,19,Tuesday
652,13.36,5,19,24,Tuesday
653,13.36,6,21,27,Tuesday
654,13.36,5,20,25,Tuesday
655,13.37,4,16,19,Tuesday
656,13.38,4,18,22,Tuesday
657,13.38,3,15,19,Tuesday
658,13.38,5,19,24,Tuesday
659,13.38,3,15,18,Tuesday
660,13.38,5,20,26,Tuesday
661,13.39,7,23,30,Tuesday
662,13.39,5,19,24,Tuesday
663,13.4,5,19,23,Tuesday
664,13.4,5,20,25,Tuesday
665,13.4,5,19,24,Tuesday
666,13.41,7,23,30,Tuesday
667,13.41,7,23,30,Tuesday
668,13.41,6,21,27,Tuesday
669,13.41,5,18,23,Tuesday
670,13.41,3,15,18,Tuesday
671,13.41,5,19,24,Tuesday
672,13.42,4,17,21,Tuesday
673,13.43,4,16,20,Tuesday
674,13.44,4,16,19,Tuesday
675,13.44,4,18,22,Tuesday
676,13.44,7,23,30,Tuesday
677,13.45,5,20,25,Tuesday
678,13.45,5,20,25,Tuesday
679,13.46,6,22,29,Tuesday
680,13.46,5,20,25,Tuesday
681,13.46,7,24,31,Tuesday
682,13.46,4,15,19,Tuesday
683,13.47,5,18,23,Tuesday
684,13.47,6,23,29,Tuesday
685,13.47,6,22,28,Tuesday
686,13.48,5,19,23,Tuesday
687,13.48,6,21,27,Tuesday
688,13.48,5,19,24,Tuesday
689,13.48,5,20,25,Tuesday
690,13.48,4,16,20,Tuesday
691,13.48,4,16,20,Tuesday
692,13.49,4,16,20,Tuesday
693,13.49,3,15,18,Tuesday
694,13.5,5,18,22,Tuesday
695,13.5,6,21,27,Tuesday
696,13.51,6,21,27,Tuesday
697,13.51,5,19,24,Tuesday
698,13.51,3,15,18,Tuesday
699,13.51,5,19,23,Tuesday
700,13.52,7,24,31,Tuesday
701,13.52,6,21,27,Tuesday
702,13.52,5,18,23,Tuesday
703,13.53,4,16,20,Tuesday
704,13.53,6,22,28,Tuesday
705,13.53,4,17,21,Tuesday
706,13.53,4,17,21,Tuesday
707,13.53,4,16,20,Tuesday
708,13.54,5,20,25,Tuesday
709,13.54,7,24,31,Tuesday
710,13.54,5,18,23,Tuesday
711,13.54,5,20,25,Tuesday
712,13.55,3,15,18,Tuesday
713,13.55,4,17,21,Tuesday
714,13.55,4,16,20,Tuesday
715,13.55,4,17,22,Tuesday
716,13.56,7,24,30,Tuesday
717,13.56,5,18,23,Tuesday
718,13.57,5,18,22,Tuesday
719,13.57,6,23,29,Tuesday
720,13.57,5,20,25,Tuesday
1,08:00,4,5,9,Wednesday
2,08:00,7,9,16,Wednesday
3,08:00,5,7,12,Wednesday
4,08:00,6,9,15,Wednesday
5,08:00,4,5,10,Wednesday
6,08:00,8,11,19,Wednesday
7,08:00,7,9,16,Wednesday
8,08:00,7,10,17,Wednesday
9,08:00,4,5,9,Wednesday
10,08:00,4,6,10,Wednesday
11,08:00,8,11,19,Wednesday
12,08:00,8,11,18,Wednesday
13,08:01,7,10,17,Wednesday
14,08:01,7,9,16,Wednesday
15,08:02,6,8,14,Wednesday
16,08:02,5,7,13,Wednesday
17,08:02,7,9,16,Wednesday
18,08:02,5,6,11,Wednesday
19,08:03,7,9,16,Wednesday
20,08:03,5,6,11,Wednesday
21,08:04,4,5,9,Wednesday
22,08:04,5,6,11,Wednesday
23,08:04,5,6,11,Wednesday
24,08:04,7,10,18,Wednesday
25,08:05,6,8,14,Wednesday
26,08:05,8,10,18,Wednesday
27,08:05,6,8,13,Wednesday
28,08:05,7,9,16,Wednesday
29,08:05,7,9,15,Wednesday
30,08:05,5,6,11,Wednesday
31,08:05,6,7,13,Wednesday
32,08:05,5,7,12,Wednesday
33,08:06,4,5,9,Wednesday
34,08:06,6,8,14,Wednesday
35,08:07,8,11,18,Wednesday
36,08:07,7,9,16,Wednesday
37,08:08,7,9,16,Wednesday
38,08:08,4,5,9,Wednesday
39,08:08,8,11,18,Wednesday
40,08:08,8,11,19,Wednesday
41,08:09,7,9,16,Wednesday
42,08:09,6,8,14,Wednesday
43,08:10,5,7,12,Wednesday
44,08:10,6,7,13,Wednesday
45,08:10,8,11,19,Wednesday
46,08:10,7,10,17,Wednesday
47,08:10,6,8,15,Wednesday
48,08:10,6,7,13,Wednesday
49,08:10,8,10,18,Wednesday
50,08:10,8,10,18,Wednesday
51,08:10,8,11,18,Wednesday
52,08:10,5,7,13,Wednesday
53,08:10,6,9,15,Wednesday
54,08:10,4,5,9,Wednesday
55,08:11,6,8,14,Wednesday
56,08:11,4,6,10,Wednesday
57,08:13,5,6,11,Wednesday
58,08:13,8,10,18,Wednesday
59,08:15,5,6,11,Wednesday
60,08:15,4,5,10,Wednesday
61,08:15,6,9,15,Wednesday
62,08:15,6,8,14,Wednesday
63,08:15,4,5,9,Wednesday
64,08:15,4,6,10,Wednesday
65,08:15,4,5,9,Wednesday
66,08:15,6,7,13,Wednesday
67,08:17,7,10,17,Wednesday
68,08:17,7,9,16,Wednesday
69,08:18,7,10,17,Wednesday
70,08:18,7,9,16,Wednesday
71,08:19,6,8,15,Wednesday
72,08:19,6,9,15,Wednesday
73,08:20,5,6,11,Wednesday
74,08:20,5,6,11,Wednesday
75,08:20,6,8,14,Wednesday
76,08:20,7,9,15,Wednesday
77,08:20,7,9,16,Wednesday
78,08:20,5,6,11,Wednesday
79,08:20,6,8,14,Wednesday
80,08:20,7,10,17,Wednesday
81,08:22,7,9,16,Wednesday
82,08:22,7,9,16,Wednesday
83,08:22,8,11,19,Wednesday
84,08:22,7,9,15,Wednesday
85,08:23,6,8,15,Wednesday
86,08:24,4,6,10,Wednesday
87,08:24,5,6,11,Wednesday
88,08:25,8,11,19,Wednesday
89,08:25,7,9,16,Wednesday
90,08:25,5,6,11,Wednesday
91,08:25,6,8,14,Wednesday
92,08:25,6,8,14,Wednesday
93,08:25,7,10,17,Wednesday
94,08:25,8,11,19,Wednesday
95,08:25,6,8,14,Wednesday
96,08:25,5,7,12,Wednesday
97,08:25,5,6,11,Wednesday
98,08:25,4,5,10,Wednesday
99,08:25,5,6,11,Wednesday
100,08:26,7,9,16,Wednesday
101,08:26,4,5,9,Wednesday
102,08:29,6,8,14,Wednesday
103,08:29,7,10,17,Wednesday
104,08:30,5,7,13,Wednesday
105,08:30,7,9,15,Wednesday
106,08:30,5,6,10,Wednesday
107,08:30,5,6,11,Wednesday
108,08:30,5,6,11,Wednesday
109,08:30,6,8,14,Wednesday
110,08:30,5,6,10,Wednesday
111,08:30,7,9,15,Wednesday
112,08:30,5,7,12,Wednesday
113,08:30,6,9,15,Wednesday
114,08:30,8,11,19,Wednesday
115,08:30,7,10,17,Wednesday
116,08:33,4,5,9,Wednesday
117,08:33,7,10,17,Wednesday
118,08:34,7,10,17,Wednesday
119,08:34,6,7,13,Wednesday
120,08:34,5,7,12,Wednesday
121,08:34,7,10,17,Wednesday
122,08:34,4,5,9,Wednesday
123,08:34,4,5,9,Wednesday
124,08:35,8,10,18,Wednesday
125,08:35,7,10,17,Wednesday
126,08:35,6,8,13,Wednesday
127,08:35,7,9,16,Wednesday
128,08:35,5,6,11,Wednesday
129,08:35,4,5,9,Wednesday
130,08:35,7,9,16,Wednesday
131,08:35,7,10,18,Wednesday
132,08:35,7,9,16,Wednesday
133,08:35,7,9,16,Wednesday
134,08:35,6,9,15,Wednesday
135,08:35,7,9,16,Wednesday
136,08:35,5,7,12,Wednesday
137,08:35,5,7,12,Wednesday
138,08:36,7,9,16,Wednesday
139,08:36,5,7,12,Wednesday
140,08:36,5,7,12,Wednesday
141,08:36,7,10,17,Wednesday
142,08:36,8,11,18,Wednesday
143,08:36,6,8,15,Wednesday
144,08:36,7,10,17,Wednesday
145,08:36,8,11,18,Wednesday
146,08:37,7,10,17,Wednesday
147,08:37,4,5,9,Wednesday
148,08:38,6,8,14,Wednesday
149,08:38,4,5,9,Wednesday
150,08:38,6,8,14,Wednesday
151,08:38,4,6,10,Wednesday
152,08:38,5,7,12,Wednesday
153,08:38,5,7,12,Wednesday
154,08:40,4,5,9,Wednesday
155,08:40,4,5,9,Wednesday
156,08:40,8,11,18,Wednesday
157,08:40,6,8,15,Wednesday
158,08:40,6,9,15,Wednesday
159,08:40,6,8,15,Wednesday
160,08:40,6,8,14,Wednesday
161,08:40,8,11,18,Wednesday
162,08:40,8,10,18,Wednesday
163,08:40,8,11,19,Wednesday
164,08:42,6,8,14,Wednesday
165,08:42,7,9,16,Wednesday
166,08:42,7,9,15,Wednesday
167,08:42,5,6,11,Wednesday
168,08:43,6,8,15,Wednesday
169,08:43,6,8,14,Wednesday
170,08:44,7,10,17,Wednesday
171,08:44,5,7,12,Wednesday
172,08:44,4,6,10,Wednesday
173,08:44,6,8,14,Wednesday
174,08:45,8,10,18,Wednesday
175,08:45,6,8,15,Wednesday
176,08:45,6,8,13,Wednesday
177,08:45,5,7,12,Wednesday
178,08:45,6,8,13,Wednesday
179,08:45,5,7,13,Wednesday
180,08:45,7,9,16,Wednesday
181,08:45,6,8,13,Wednesday
182,08:45,7,9,15,Wednesday
183,08:45,5,7,13,Wednesday
184,08:45,5,6,11,Wednesday
185,08:45,4,6,10,Wednesday
186,08:46,6,7,13,Wednesday
187,08:46,4,5,10,Wednesday
188,08:46,5,6,11,Wednesday
189,08:46,4,5,10,Wednesday
190,08:46,5,7,12,Wednesday
191,08:46,8,11,18,Wednesday
192,08:48,8,10,18,Wednesday
193,08:48,6,9,15,Wednesday
194,08:48,8,11,19,Wednesday
195,08:48,4,5,10,Wednesday
196,08:49,6,9,15,Wednesday
197,08:49,7,9,15,Wednesday
198,08:49,8,11,19,Wednesday
199,08:49,5,7,12,Wednesday
200,08:50,7,10,17,Wednesday
201,08:50,8,11,18,Wednesday
202,08:50,4,6,10,Wednesday
203,08:50,7,10,18,Wednesday
204,08:50,6,8,13,Wednesday
205,08:50,5,7,12,Wednesday
206,08:50,5,7,12,Wednesday
207,08:50,8,10,18,Wednesday
208,08:50,7,10,17,Wednesday
209,08:50,6,7,13,Wednesday
210,08:50,4,5,9,Wednesday
211,08:50,5,6,11,Wednesday
212,08:50,8,11,19,Wednesday
213,08:50,8,11,19,Wednesday
214,08:51,7,9,16,Wednesday
215,08:51,8,11,18,Wednesday
216,08:52,8,11,18,Wednesday
217,08:52,6,8,14,Wednesday
218,08:53,8,11,18,Wednesday
219,08:53,5,6,10,Wednesday
220,08:54,7,10,17,Wednesday
221,08:54,7,9,16,Wednesday
222,08:54,6,8,14,Wednesday
223,08:54,6,8,14,Wednesday
224,08:54,7,9,15,Wednesday
225,08:54,7,10,18,Wednesday
226,08:55,7,9,16,Wednesday
227,08:55,5,6,11,Wednesday
228,08:55,5,7,13,Wednesday
229,08:55,7,10,17,Wednesday
230,08:55,4,5,10,Wednesday
231,08:55,7,9,16,Wednesday
232,08:55,8,10,18,Wednesday
233,08:55,5,7,12,Wednesday
234,08:55,6,8,13,Wednesday
235,08:55,5,7,12,Wednesday
236,08:56,4,5,9,Wednesday
237,08:56,6,8,14,Wednesday
238,08:56,6,9,15,Wednesday
239,08:56,7,9,16,Wednesday
240,09:00,7,9,16,Wednesday
241,09:00,5,6,11,Wednesday
242,09:00,4,5,10,Wednesday
243,09:00,4,6,10,Wednesday
244,09:00,7,9,16,Wednesday
245,09:00,5,6,11,Wednesday
246,09:00,5,6,11,Wednesday
247,09:00,7,9,15,Wednesday
248,09:01,5,7,12,Wednesday
249,09:01,7,10,17,Wednesday
250,09:01,8,10,18,Wednesday
251,09:01,7,9,16,Wednesday
252,09:01,7,10,17,Wednesday
253,09:01,7,9,16,Wednesday
254,09:02,8,11,18,Wednesday
255,09:02,7,10,17,Wednesday
256,09:02,4,6,10,Wednesday
257,09:02,7,9,16,Wednesday
258,09:03,5,6,11,Wednesday
259,09:03,7,9,15,Wednesday
260,09:05,8,10,18,Wednesday
261,09:05,5,6,10,Wednesday
262,09:05,6,8,14,Wednesday
263,09:05,5,7,12,Wednesday
264,09:05,8,10,18,Wednesday
265,09:05,6,9,15,Wednesday
266,09:05,6,7,13,Wednesday
267,09:05,4,6,10,Wednesday
268,09:05,5,6,11,Wednesday
269,09:05,4,5,10,Wednesday
270,09:06,4,6,10,Wednesday
271,09:06,4,5,10,Wednesday
272,09:07,4,6,10,Wednesday
273,09:07,7,10,17,Wednesday
274,09:08,6,8,15,Wednesday
275,09:08,5,6,11,Wednesday
276,09:09,7,9,16,Wednesday
277,09:09,6,8,14,Wednesday
278,09:10,6,8,15,Wednesday
279,09:10,4,6,10,Wednesday
280,09:10,7,9,16,Wednesday
281,09:10,6,8,14,Wednesday
282,09:10,4,6,10,Wednesday
283,09:10,6,8,14,Wednesday
284,09:10,5,6,11,Wednesday
285,09:10,7,9,15,Wednesday
286,09:10,6,8,15,Wednesday
287,09:10,5,7,13,Wednesday
288,09:10,8,11,19,Wednesday
289,09:10,5,7,12,Wednesday
290,09:11,6,8,14,Wednesday
291,09:11,5,6,11,Wednesday
292,09:14,4,5,10,Wednesday
293,09:14,5,6,11,Wednesday
294,09:14,7,9,16,Wednesday
295,09:14,6,8,14,Wednesday
296,09:15,5,6,11,Wednesday
297,09:15,7,10,17,Wednesday
298,09:15,4,6,10,Wednesday
299,09:15,5,7,12,Wednesday
300,09:15,5,7,12,Wednesday
301,09:15,6,8,14,Wednesday
302,09:15,5,7,12,Wednesday
303,09:15,8,11,18,Wednesday
304,09:16,6,8,13,Wednesday
305,09:16,6,7,13,Wednesday
306,09:16,5,6,11,Wednesday
307,09:16,4,5,10,Wednesday
308,09:18,8,10,18,Wednesday
309,09:18,6,8,14,Wednesday
310,09:18,6,8,13,Wednesday
311,09:18,8,10,18,Wednesday
312,09:18,6,8,14,Wednesday
313,09:18,5,6,10,Wednesday
314,09:20,8,10,18,Wednesday
315,09:20,7,9,16,Wednesday
316,09:20,6,7,13,Wednesday
317,09:20,4,6,10,Wednesday
318,09:20,5,7,12,Wednesday
319,09:20,7,9,16,Wednesday
320,09:20,5,7,12,Wednesday
321,09:20,8,10,18,Wednesday
322,09:20,8,10,18,Wednesday
323,09:20,5,6,11,Wednesday
324,09:20,6,9,15,Wednesday
325,09:20,4,6,10,Wednesday
326,09:22,5,7,12,Wednesday
327,09:22,8,11,18,Wednesday
328,09:22,6,8,13,Wednesday
329,09:22,4,5,10,Wednesday
330,09:24,5,6,11,Wednesday
331,09:24,6,8,14,Wednesday
332,09:25,5,6,11,Wednesday
333,09:25,5,6,11,Wednesday
334,09:25,6,8,15,Wednesday
335,09:25,5,6,11,Wednesday
336,09:25,5,7,12,Wednesday
337,09:25,5,7,12,Wednesday
338,09:25,8,11,18,Wednesday
339,09:25,6,8,14,Wednesday
340,09:25,7,10,17,Wednesday
341,09:25,8,11,19,Wednesday
342,09:26,6,8,13,Wednesday
343,09:26,6,8,14,Wednesday
344,09:26,7,9,16,Wednesday
345,09:26,6,9,15,Wednesday
346,09:26,5,6,11,Wednesday
347,09:26,4,6,10,Wednesday
348,09:27,7,10,18,Wednesday
349,09:27,5,6,11,Wednesday
350,09:28,5,6,11,Wednesday
351,09:28,4,5,10,Wednesday
352,09:28,5,7,12,Wednesday
353,09:28,8,11,19,Wednesday
354,09:30,5,6,11,Wednesday
355,09:30,4,5,10,Wednesday
356,09:30,8,11,18,Wednesday
357,09:30,7,10,17,Wednesday
358,09:30,4,5,9,Wednesday
359,09:30,4,5,9,Wednesday
360,09:30,7,9,16,Wednesday
361,09:30,7,10,17,Wednesday
362,09:30,7,9,16,Wednesday
363,09:30,5,6,11,Wednesday
364,09:31,7,9,16,Wednesday
365,09:31,4,5,9,Wednesday
366,09:31,6,8,14,Wednesday
367,09:31,7,9,16,Wednesday
368,09:32,6,8,14,Wednesday
369,09:32,5,6,10,Wednesday
370,09:32,6,8,15,Wednesday
371,09:32,7,10,17,Wednesday
372,09:32,7,10,17,Wednesday
373,09:32,4,5,10,Wednesday
374,09:32,5,6,10,Wednesday
375,09:32,5,7,12,Wednesday
376,09:32,5,6,11,Wednesday
377,09:32,7,10,17,Wednesday
378,09:34,5,7,12,Wednesday
379,09:34,6,8,15,Wednesday
380,09:34,7,10,17,Wednesday
381,09:34,6,8,15,Wednesday
382,09:35,5,6,11,Wednesday
383,09:35,7,9,16,Wednesday
384,09:35,6,8,14,Wednesday
385,09:35,5,6,10,Wednesday
386,09:35,8,10,18,Wednesday
387,09:35,8,10,18,Wednesday
388,09:35,5,7,12,Wednesday
389,09:35,8,11,18,Wednesday
390,09:35,5,7,12,Wednesday
391,09:35,4,5,10,Wednesday
392,09:36,4,6,10,Wednesday
393,09:36,7,9,16,Wednesday
394,09:36,5,7,12,Wednesday
395,09:36,8,11,19,Wednesday
396,09:37,6,8,13,Wednesday
397,09:37,6,8,14,Wednesday
398,09:38,6,8,14,Wednesday
399,09:38,8,11,19,Wednesday
400,09:38,5,7,13,Wednesday
401,09:38,6,8,14,Wednesday
402,09:40,5,6,11,Wednesday
403,09:40,7,9,15,Wednesday
404,09:40,8,11,19,Wednesday
405,09:40,7,9,15,Wednesday
406,09:40,5,6,11,Wednesday
407,09:40,7,9,15,Wednesday
408,09:40,6,9,15,Wednesday
409,09:40,7,10,17,Wednesday
410,09:40,5,6,11,Wednesday
411,09:40,6,9,15,Wednesday
412,09:40,4,5,10,Wednesday
413,09:40,7,9,16,Wednesday
414,09:41,6,7,13,Wednesday
415,09:41,7,10,17,Wednesday
416,09:42,7,10,17,Wednesday
417,09:42,5,6,11,Wednesday
418,09:43,8,10,18,Wednesday
419,09:43,4,5,10,Wednesday
420,09:43,7,9,16,Wednesday
421,09:43,6,8,15,Wednesday
422,09:44,8,11,19,Wednesday
423,09:44,5,7,13,Wednesday
424,09:44,5,6,11,Wednesday
425,09:44,5,6,11,Wednesday
426,09:44,5,7,13,Wednesday
427,09:44,5,6,11,Wednesday
428,09:45,7,9,16,Wednesday
429,09:45,4,5,9,Wednesday
430,09:45,5,7,12,Wednesday
431,09:45,7,10,17,Wednesday
432,09:45,5,7,12,Wednesday
433,09:45,5,7,13,Wednesday
434,09:45,7,9,15,Wednesday
435,09:45,5,6,11,Wednesday
436,09:45,5,7,12,Wednesday
437,09:45,5,6,11,Wednesday
438,09:48,5,7,12,Wednesday
439,09:48,6,9,15,Wednesday
440,09:50,6,7,13,Wednesday
441,09:50,8,11,19,Wednesday
442,09:50,6,8,14,Wednesday
443,09:50,4,5,9,Wednesday
444,09:50,6,8,14,Wednesday
445,09:50,7,9,15,Wednesday
446,09:50,7,10,17,Wednesday
447,09:50,5,7,12,Wednesday
448,09:50,5,7,12,Wednesday
449,09:50,4,5,9,Wednesday
450,09:50,7,9,16,Wednesday
451,09:50,6,7,13,Wednesday
452,09:50,8,11,19,Wednesday
453,09:50,6,8,15,Wednesday
454,09:51,7,9,16,Wednesday
455,09:51,4,5,9,Wednesday
456,09:52,8,10,18,Wednesday
457,09:52,5,6,11,Wednesday
458,09:52,6,8,14,Wednesday
459,09:52,4,5,9,Wednesday
460,09:52,6,8,14,Wednesday
461,09:52,5,7,12,Wednesday
462,09:54,5,7,12,Wednesday
463,09:54,6,8,14,Wednesday
464,09:54,4,5,10,Wednesday
465,09:54,7,9,15,Wednesday
466,09:54,4,5,9,Wednesday
467,09:54,4,5,10,Wednesday
468,09:55,5,7,12,Wednesday
469,09:55,8,11,19,Wednesday
470,09:55,5,6,11,Wednesday
471,09:55,6,7,13,Wednesday
472,09:55,6,9,15,Wednesday
473,09:55,7,9,15,Wednesday
474,09:55,8,11,19,Wednesday
475,09:55,4,6,10,Wednesday
476,09:56,6,8,14,Wednesday
477,09:56,4,6,10,Wednesday
478,09:56,6,8,14,Wednesday
479,09:56,5,7,12,Wednesday
480,09:56,5,7,12,Wednesday
481,09:56,7,9,16,Wednesday
482,09:57,5,7,12,Wednesday
483,09:57,5,6,10,Wednesday
484,09:57,7,9,16,Wednesday
485,09:57,6,8,14,Wednesday
486,09:58,4,6,10,Wednesday
487,09:58,4,6,10,Wednesday
488,10:00,5,6,10,Wednesday
489,10:00,7,10,17,Wednesday
490,10:00,8,11,18,Wednesday
491,10:00,8,11,18,Wednesday
492,10:00,8,11,19,Wednesday
493,10:00,8,11,18,Wednesday
494,10:00,5,6,11,Wednesday
495,10:00,6,9,15,Wednesday
496,10:00,7,9,16,Wednesday
497,10:00,6,8,14,Wednesday
498,10:01,5,6,11,Wednesday
499,10:01,4,5,9,Wednesday
500,10:02,7,9,16,Wednesday
501,10:02,7,9,16,Wednesday
502,10:02,6,8,14,Wednesday
503,10:02,8,11,19,Wednesday
504,10:02,6,8,13,Wednesday
505,10:02,6,7,13,Wednesday
506,10:03,5,7,12,Wednesday
507,10:03,6,8,13,Wednesday
508,10:03,6,8,13,Wednesday
509,10:03,6,8,13,Wednesday
510,10:04,7,9,16,Wednesday
511,10:04,6,8,14,Wednesday
512,10:04,6,8,14,Wednesday
513,10:04,6,8,14,Wednesday
514,10:05,5,6,11,Wednesday
515,10:05,8,10,18,Wednesday
516,10:05,5,6,11,Wednesday
517,10:05,6,7,13,Wednesday
518,10:05,4,5,10,Wednesday
519,10:05,6,8,15,Wednesday
520,10:06,5,7,13,Wednesday
521,10:06,4,6,10,Wednesday
522,10:06,6,8,15,Wednesday
523,10:06,7,9,16,Wednesday
524,10:10,6,9,15,Wednesday
525,10:10,5,6,10,Wednesday
526,10:10,6,9,15,Wednesday
527,10:10,5,7,13,Wednesday
528,10:10,6,8,14,Wednesday
529,10:10,5,7,12,Wednesday
530,10:10,5,7,13,Wednesday
531,10:10,6,8,14,Wednesday
532,10:10,6,8,15,Wednesday
533,10:10,4,5,9,Wednesday
534,10:12,5,6,11,Wednesday
535,10:12,5,6,11,Wednesday
536,10:12,6,7,13,Wednesday
537,10:12,8,11,18,Wednesday
538,10:14,6,8,14,Wednesday
539,10:14,5,6,11,Wednesday
540,10:14,5,7,12,Wednesday
541,10:14,7,9,16,Wednesday
542,10:15,6,8,14,Wednesday
543,10:15,7,10,17,Wednesday
544,10:15,8,11,19,Wednesday
545,10:15,7,10,17,Wednesday
546,10:18,6,8,15,Wednesday
547,10:18,7,9,16,Wednesday
548,10:18,6,9,15,Wednesday
549,10:18,5,6,11,Wednesday
550,10:18,5,7,12,Wednesday
551,10:18,5,7,12,Wednesday
552,10:19,5,6,11,Wednesday
553,10:19,5,7,13,Wednesday
554,10:20,7,9,16,Wednesday
555,10:20,7,9,16,Wednesday
556,10:20,8,11,19,Wednesday
557,10:20,7,10,17,Wednesday
558,10:20,5,6,11,Wednesday
559,10:20,4,5,9,Wednesday
560,10:20,4,5,9,Wednesday
561,10:20,6,7,13,Wednesday
562,10:22,6,8,14,Wednesday
563,10:22,5,6,11,Wednesday
564,10:22,8,11,19,Wednesday
565,10:22,8,11,18,Wednesday
566,10:23,8,11,19,Wednesday
567,10:23,4,5,10,Wednesday
568,10:24,5,7,12,Wednesday
569,10:24,5,6,11,Wednesday
570,10:25,5,6,11,Wednesday
571,10:25,7,9,16,Wednesday
572,10:25,4,6,10,Wednesday
573,10:25,6,8,14,Wednesday
574,10:25,4,5,9,Wednesday
575,10:25,7,10,17,Wednesday
576,10:26,7,10,17,Wednesday
577,10:26,4,6,10,Wednesday
578,10:27,8,11,18,Wednesday
579,10:27,8,11,19,Wednesday
580,10:28,8,10,18,Wednesday
581,10:28,6,7,13,Wednesday
582,10:29,7,10,17,Wednesday
583,10:29,4,5,10,Wednesday
584,10:30,6,9,15,Wednesday
585,10:30,4,6,10,Wednesday
586,10:30,5,6,10,Wednesday
587,10:30,6,8,13,Wednesday
588,10:30,5,6,11,Wednesday
589,10:30,6,7,13,Wednesday
590,10:31,7,10,17,Wednesday
591,10:31,7,9,16,Wednesday
592,10:32,5,6,11,Wednesday
593,10:32,6,8,14,Wednesday
594,10:33,7,10,17,Wednesday
595,10:33,5,7,12,Wednesday
596,10:34,7,10,17,Wednesday
597,10:34,5,7,12,Wednesday
598,10:35,7,9,16,Wednesday
599,10:35,4,6,10,Wednesday
600,10:35,5,6,11,Wednesday
601,10:35,5,6,11,Wednesday
602,10:35,6,8,13,Wednesday
603,10:36,8,10,18,Wednesday
604,10:36,5,7,12,Wednesday
605,10:36,5,7,12,Wednesday
606,10:37,7,9,16,Wednesday
607,10:38,4,6,10,Wednesday
608,10:38,6,8,14,Wednesday
609,10:40,5,6,11,Wednesday
610,10:40,6,8,14,Wednesday
611,10:40,7,9,15,Wednesday
612,10:40,7,10,17,Wednesday
613,10:42,4,5,9,Wednesday
614,10:43,5,6,11,Wednesday
615,10:44,6,8,14,Wednesday
616,10:44,7,10,17,Wednesday
617,10:45,8,10,18,Wednesday
618,10:45,5,7,12,Wednesday
619,10:46,4,5,10,Wednesday
620,10:47,6,8,14,Wednesday
621,10:47,4,5,10,Wednesday
622,10:48,8,11,19,Wednesday
623,10:48,6,8,13,Wednesday
624,10:49,5,6,11,Wednesday
625,10:49,6,8,14,Wednesday
626,10:50,5,7,13,Wednesday
627,10:50,5,6,11,Wednesday
628,10:50,6,8,14,Wednesday
629,10:51,6,9,15,Wednesday
630,10:52,5,6,11,Wednesday
631,10:52,4,5,10,Wednesday
632,10:54,6,7,13,Wednesday
633,10:55,5,6,11,Wednesday
634,10:55,8,11,19,Wednesday
635,10:56,4,5,10,Wednesday
636,11:00,6,8,14,Wednesday
637,11:00,4,5,10,Wednesday
638,11:02,6,8,15,Wednesday
639,11:02,5,6,11,Wednesday
640,11:02,4,5,9,Wednesday
641,11:03,7,10,18,Wednesday
642,11:04,7,10,17,Wednesday
643,11:05,7,10,18,Wednesday
644,11:05,7,9,16,Wednesday
645,11:05,8,11,18,Wednesday
646,11:05,6,8,14,Wednesday
647,11:06,5,7,12,Wednesday
648,11:08,5,6,11,Wednesday
649,11:09,6,8,14,Wednesday
650,11:10,5,6,11,Wednesday
651,11:10,5,6,10,Wednesday
652,11:10,6,8,14,Wednesday
653,11:10,7,9,16,Wednesday
654,11:11,6,9,15,Wednesday
655,11:12,5,6,11,Wednesday
656,11:12,5,7,13,Wednesday
657,11:12,4,6,10,Wednesday
658,11:13,6,8,14,Wednesday
659,11:14,4,6,10,Wednesday
660,11:15,6,9,15,Wednesday
661,11:15,8,11,18,Wednesday
662,11:15,6,8,14,Wednesday
663,11:15,6,8,14,Wednesday
664,11:16,6,9,15,Wednesday
665,11:16,6,8,14,Wednesday
666,11:17,8,11,18,Wednesday
667,11:18,8,10,18,Wednesday
668,11:18,7,9,16,Wednesday
669,11:18,6,8,13,Wednesday
670,11:20,4,5,10,Wednesday
671,11:20,6,8,14,Wednesday
672,11:21,5,7,12,Wednesday
673,11:22,5,6,11,Wednesday
674,11:22,5,6,11,Wednesday
675,11:24,5,7,13,Wednesday
676,11:25,8,11,18,Wednesday
677,11:25,6,8,15,Wednesday
678,11:25,6,8,15,Wednesday
679,11:25,7,10,17,Wednesday
680,11:26,6,8,15,Wednesday
681,11:30,8,11,19,Wednesday
682,11:30,5,6,10,Wednesday
683,11:30,6,8,13,Wednesday
684,11:30,7,10,18,Wednesday
685,11:32,7,10,17,Wednesday
686,11:33,6,8,14,Wednesday
687,11:33,7,9,16,Wednesday
688,11:35,6,8,14,Wednesday
689,11:35,6,8,15,Wednesday
690,11:36,5,6,11,Wednesday
691,11:36,5,6,11,Wednesday
692,11:37,5,6,11,Wednesday
693,11:40,4,5,10,Wednesday
694,11:40,6,7,13,Wednesday
695,11:40,7,9,16,Wednesday
696,11:42,7,9,16,Wednesday
697,11:42,6,8,14,Wednesday
698,11:43,4,5,10,Wednesday
699,11:44,6,8,14,Wednesday
700,11:44,8,11,19,Wednesday
701,11:44,7,9,16,Wednesday
702,11:45,6,8,13,Wednesday
703,11:45,5,6,11,Wednesday
704,11:46,7,10,17,Wednesday
705,11:46,5,7,12,Wednesday
706,11:47,5,7,12,Wednesday
707,11:49,5,6,11,Wednesday
708,11:50,6,8,15,Wednesday
709,11:50,8,11,19,Wednesday
710,11:50,6,8,13,Wednesday
711,11:50,6,8,15,Wednesday
712,11:51,4,5,10,Wednesday
713,11:52,5,7,12,Wednesday
714,11:52,5,6,11,Wednesday
715,11:54,5,7,12,Wednesday
716,11:54,8,11,19,Wednesday
717,11:55,6,7,13,Wednesday
718,11:55,6,7,13,Wednesday
719,11:55,7,10,18,Wednesday
720,11:56,6,9,15,Wednesday
721,11:58,5,6,10,Wednesday
722,11:59,8,11,18,Wednesday
723,12:00,5,7,12,Wednesday
724,12:00,5,7,12,Wednesday
725,12:00,6,7,13,Wednesday
726,12:00,8,10,18,Wednesday
727,12:02,5,6,11,Wednesday
728,12:05,7,10,18,Wednesday
729,12:05,4,5,10,Wednesday
730,12:05,7,9,15,Wednesday
731,12:06,5,7,12,Wednesday
732,12:08,4,6,10,Wednesday
733,12:08,7,10,17,Wednesday
734,12:10,4,5,9,Wednesday
735,12:10,6,9,15,Wednesday
736,12:10,8,11,19,Wednesday
737,12:11,6,8,15,Wednesday
738,12:12,5,7,13,Wednesday
739,12:14,7,10,17,Wednesday
740,12:15,6,7,13,Wednesday
741,12:15,8,11,19,Wednesday
742,12:15,4,5,9,Wednesday
743,12:18,7,10,17,Wednesday
744,12:19,8,11,19,Wednesday
745,12:20,7,9,16,Wednesday
746,12:20,8,10,18,Wednesday
747,12:20,6,8,14,Wednesday
748,12:20,8,11,18,Wednesday
749,12:21,6,7,13,Wednesday
750,12:21,5,6,11,Wednesday
751,12:22,5,7,12,Wednesday
752,12:22,8,10,18,Wednesday
753,12:25,5,6,11,Wednesday
754,12:25,7,10,17,Wednesday
755,12:25,6,9,15,Wednesday
756,12:26,6,8,14,Wednesday
757,12:27,4,5,10,Wednesday
758,12:28,4,5,9,Wednesday
759,12:28,5,6,11,Wednesday
760,12:29,6,9,15,Wednesday
761,12:30,8,10,18,Wednesday
762,12:30,6,7,13,Wednesday
763,12:30,5,6,11,Wednesday
764,12:30,7,9,15,Wednesday
765,12:33,6,8,13,Wednesday
766,12:34,5,7,12,Wednesday
767,12:34,7,10,17,Wednesday
768,12:34,8,11,19,Wednesday
769,12:35,6,8,14,Wednesday
770,12:35,5,6,11,Wednesday
771,12:36,5,6,10,Wednesday
772,12:37,4,5,10,Wednesday
773,12:38,8,11,18,Wednesday
774,12:39,6,7,13,Wednesday
775,12:40,7,9,16,Wednesday
776,12:40,8,10,18,Wednesday
777,12:40,7,9,15,Wednesday
778,12:41,5,6,11,Wednesday
779,12:42,8,11,19,Wednesday
780,12:42,7,9,16,Wednesday
781,12:42,5,6,11,Wednesday
782,12:43,8,10,18,Wednesday
783,12:44,6,8,14,Wednesday
784,12:44,4,5,9,Wednesday
785,12:44,5,6,11,Wednesday
786,12:45,5,6,11,Wednesday
787,12:45,7,9,16,Wednesday
788,12:45,5,7,13,Wednesday
789,12:46,7,10,17,Wednesday
790,12:46,7,10,17,Wednesday
791,12:48,7,10,17,Wednesday
792,12:50,7,9,15,Wednesday
793,12:50,4,5,9,Wednesday
794,12:50,7,9,16,Wednesday
795,12:51,6,9,15,Wednesday
796,12:51,7,10,17,Wednesday
797,12:52,7,10,18,Wednesday
798,12:53,6,8,14,Wednesday
799,12:54,7,10,17,Wednesday
800,12:55,7,10,17,Wednesday
801,12:55,6,9,15,Wednesday
802,12:55,5,6,11,Wednesday
803,12:57,6,7,13,Wednesday
804,12:58,8,11,18,Wednesday
805,12:58,8,11,19,Wednesday
806,12:58,6,8,15,Wednesday
807,12:59,6,8,14,Wednesday
808,13:00,7,9,16,Wednesday
809,13:00,7,9,15,Wednesday
810,13:00,7,10,17,Wednesday
811,13:00,5,7,13,Wednesday
812,13:00,4,5,10,Wednesday
813,13:00,8,10,18,Wednesday
814,13:00,5,7,12,Wednesday
815,13:01,8,10,18,Wednesday
816,13:02,7,9,16,Wednesday
817,13:02,4,5,10,Wednesday
818,13:03,6,7,13,Wednesday
819,13:04,6,8,14,Wednesday
820,13:04,5,6,11,Wednesday
821,13:05,8,11,19,Wednesday
822,13:05,5,7,12,Wednesday
823,13:05,4,6,10,Wednesday
824,13:07,4,5,9,Wednesday
825,13:08,6,8,14,Wednesday
826,13:09,5,7,12,Wednesday
827,13:10,5,6,10,Wednesday
828,13:10,7,10,17,Wednesday
829,13:10,8,11,19,Wednesday
830,13:10,5,7,12,Wednesday
831,13:12,6,8,14,Wednesday
832,13:12,5,6,10,Wednesday
833,13:12,7,10,17,Wednesday
834,13:12,5,6,11,Wednesday
835,13:13,5,7,12,Wednesday
836,13:14,5,6,11,Wednesday
837,13:15,7,9,16,Wednesday
838,13:15,6,8,15,Wednesday
839,13:16,4,5,10,Wednesday
840,13:18,7,9,16,Wednesday
841,13:18,6,8,13,Wednesday
842,13:18,7,10,17,Wednesday
843,13:19,6,8,14,Wednesday
844,13:19,6,8,13,Wednesday
845,13:20,5,7,12,Wednesday
846,13:20,6,7,13,Wednesday
847,13:20,4,5,9,Wednesday
848,13:22,5,6,11,Wednesday
849,13:22,6,8,15,Wednesday
850,13:24,8,11,18,Wednesday
851,13:25,6,8,14,Wednesday
852,13:25,4,5,10,Wednesday
853,13:25,7,9,15,Wednesday
854,13:26,6,8,15,Wednesday
855,13:26,5,6,10,Wednesday
856,13:27,4,6,10,Wednesday
857,13:28,7,10,17,Wednesday
858,13:28,7,9,15,Wednesday
859,13:29,8,11,19,Wednesday
860,13:30,6,8,14,Wednesday
861,13:30,6,7,13,Wednesday
862,13:30,8,11,19,Wednesday
863,13:32,7,10,17,Wednesday
864,13:33,6,9,15,Wednesday
865,13:34,4,5,9,Wednesday
866,13:34,6,8,14,Wednesday
867,13:35,8,11,19,Wednesday
868,13:35,7,10,17,Wednesday
869,13:35,7,9,16,Wednesday
870,13:38,6,8,15,Wednesday
871,13:40,6,8,13,Wednesday
872,13:40,5,6,11,Wednesday
873,13:40,8,10,18,Wednesday
874,13:40,7,9,16,Wednesday
875,13:42,7,10,17,Wednesday
876,13:43,4,5,10,Wednesday
877,13:44,7,10,17,Wednesday
878,13:44,5,6,11,Wednesday
879,13:44,4,5,10,Wednesday
880,13:45,8,10,18,Wednesday
881,13:45,7,9,16,Wednesday
882,13:46,8,11,19,Wednesday
883,13:47,6,7,13,Wednesday
884,13:47,7,10,17,Wednesday
885,13:48,6,8,14,Wednesday
886,13:48,7,9,16,Wednesday
887,13:50,7,9,16,Wednesday
888,13:50,6,8,13,Wednesday
889,13:51,5,6,10,Wednesday
890,13:54,7,9,16,Wednesday
891,13:55,7,9,15,Wednesday
892,13:55,6,9,15,Wednesday
893,13:55,6,7,13,Wednesday
894,13:56,4,6,10,Wednesday
895,13:56,5,7,12,Wednesday
896,13:56,5,7,12,Wednesday
897,13:57,5,7,13,Wednesday
898,13:58,4,6,10,Wednesday
899,13:58,8,10,18,Wednesday
900,13:58,6,8,14,Wednesday
901,13:58,7,10,17,Wednesday
902,13:59,7,9,16,Wednesday
903,14:00,6,8,13,Wednesday
904,14:00,4,5,9,Wednesday
905,14:00,4,5,9,Wednesday
906,14:02,7,10,17,Wednesday
907,14:02,4,5,9,Wednesday
908,14:03,4,5,10,Wednesday
909,14:05,6,7,13,Wednesday
910,14:05,7,10,17,Wednesday
911,14:06,5,6,11,Wednesday
912,14:08,5,7,13,Wednesday
913,14:08,7,10,17,Wednesday
914,14:08,5,6,10,Wednesday
915,14:09,6,8,14,Wednesday
916,14:10,4,5,9,Wednesday
917,14:10,4,5,9,Wednesday
918,14:10,4,5,9,Wednesday
919,14:10,7,9,16,Wednesday
920,14:10,8,11,18,Wednesday
921,14:11,5,7,12,Wednesday
922,14:11,7,9,16,Wednesday
923,14:12,4,5,9,Wednesday
924,14:12,6,8,14,Wednesday
925,14:12,7,10,18,Wednesday
926,14:14,5,6,11,Wednesday
927,14:15,7,10,17,Wednesday
928,14:15,6,8,14,Wednesday
929,14:15,4,6,10,Wednesday
930,14:16,5,7,13,Wednesday
931,14:16,4,5,9,Wednesday
932,14:18,7,10,17,Wednesday
933,14:18,7,10,17,Wednesday
934,14:19,4,5,10,Wednesday
935,14:19,7,10,17,Wednesday
936,14:20,5,6,11,Wednesday
937,14:20,4,5,9,Wednesday
938,14:20,7,10,17,Wednesday
939,14:21,5,6,11,Wednesday
940,14:22,5,7,12,Wednesday
941,14:22,8,11,19,Wednesday
942,14:23,4,5,10,Wednesday
943,14:24,6,8,15,Wednesday
944,14:24,7,9,16,Wednesday
945,14:25,4,5,9,Wednesday
946,14:25,7,9,16,Wednesday
947,14:25,5,7,13,Wednesday
948,14:26,5,6,10,Wednesday
949,14:26,4,5,10,Wednesday
950,14:27,6,8,14,Wednesday
951,14:28,7,10,17,Wednesday
952,14:28,7,10,17,Wednesday
953,14:28,8,10,18,Wednesday
954,14:30,7,10,18,Wednesday
955,14:30,6,8,14,Wednesday
956,14:30,5,7,13,Wednesday
957,14:30,5,7,12,Wednesday
958,14:30,8,10,18,Wednesday
959,14:30,7,9,16,Wednesday
960,14:30,8,10,18,Wednesday
961,14:30,7,9,16,Wednesday
962,14:30,5,7,12,Wednesday
963,14:30,6,9,15,Wednesday
964,14:31,8,11,19,Wednesday
965,14:31,4,5,9,Wednesday
966,14:32,8,11,19,Wednesday
967,14:32,4,6,10,Wednesday
968,14:33,8,11,19,Wednesday
969,14:33,5,6,11,Wednesday
970,14:33,8,10,18,Wednesday
971,14:33,7,10,17,Wednesday
972,14:35,5,7,12,Wednesday
973,14:35,7,10,17,Wednesday
974,14:35,5,6,11,Wednesday
975,14:35,5,6,11,Wednesday
976,14:35,4,5,9,Wednesday
977,14:35,8,11,19,Wednesday
978,14:35,6,7,13,Wednesday
979,14:35,4,5,9,Wednesday
980,14:36,5,7,13,Wednesday
981,14:36,6,8,13,Wednesday
982,14:38,6,8,14,Wednesday
983,14:38,6,8,14,Wednesday
984,14:40,5,7,12,Wednesday
985,14:40,8,11,19,Wednesday
986,14:40,6,8,15,Wednesday
987,14:40,7,10,17,Wednesday
988,14:40,5,7,12,Wednesday
989,14:40,4,5,9,Wednesday
990,14:40,7,9,16,Wednesday
991,14:40,6,9,15,Wednesday
992,14:42,5,7,12,Wednesday
993,14:42,7,9,15,Wednesday
994,14:42,6,8,14,Wednesday
995,14:43,6,7,13,Wednesday
996,14:44,5,6,11,Wednesday
997,14:45,6,8,14,Wednesday
998,14:45,6,8,15,Wednesday
999,14:45,8,11,19,Wednesday
1000,14:46,8,11,19,Wednesday
1001,14:47,4,6,10,Wednesday
1002,14:47,7,10,18,Wednesday
1003,14:48,8,11,19,Wednesday
1004,14:48,6,8,15,Wednesday
1005,14:48,4,5,9,Wednesday
1006,14:49,5,7,12,Wednesday
1007,14:50,7,10,18,Wednesday
1008,14:50,4,5,9,Wednesday
1009,14:50,5,7,12,Wednesday
1010,14:50,6,8,14,Wednesday
1011,14:51,8,10,18,Wednesday
1012,14:55,7,9,16,Wednesday
1013,14:55,6,7,13,Wednesday
1014,14:55,5,6,11,Wednesday
1015,14:56,5,7,12,Wednesday
1016,14:56,6,7,13,Wednesday
1017,14:56,6,8,14,Wednesday
1018,14:57,7,10,17,Wednesday
1019,14:58,4,6,10,Wednesday
1020,14:58,4,6,10,Wednesday
